16.36179924,9.755348206,0
-5.25045681,10.19735527,1
5.979137897,5.863833904,2
0.249738574,7.470667839,3
6.635008335,18.33542824,4
-0.498189509,3.69976759,5
3.546817541,-4.979347706,6
-3.088242054,17.16115379,7
-2.21877861,8.887228012,8
-1.440233111,4.554234028,9
16.1352787,9.88224411,0
-5.835807323,11.42650032,1
7.82542944,5.478154659,2
0.848262072,8.464285851,3
6.051246643,18.31124306,4
-5.35460043,0.922451198,5
3.179771185,-4.420568466,6
-4.090237617,17.17001534,7
-2.573852062,9.789422035,8
-0.29625988,3.91565299,9
15.49896908,10.71801567,0
-6.078264713,11.37971497,1
7.482402802,5.105915546,2
1.091782808,8.814707756,3
6.538897514,18.11580467,4
-5.763514042,0.854124844,5
3.685330868,-5.011322021,6
-3.802525759,16.52322388,7
-2.446697235,9.346575737,8
-0.301944852,3.88117528,9
16.06873703,9.748779297,0
-0.329195648,3.953280687,9
-4.6474967,1.10969305,5
-4.866533279,0.901021123,5
3.082941294,-4.538013458,6
-4.926626205,0.897329032,5
15.42642212,10.45375061,0
-0.330370784,4.508580685,9
-3.049730062,9.809293747,8
-1.027824163,3.643154144,9
-2.410477638,9.510295868,8
5.843015671,18.17787743,4
-5.854409695,11.30412388,1
-3.792293787,16.61927605,7
-2.983831882,17.31718254,7
0.898499668,8.449193954,3
-5.20230484,0.757296085,5
-5.86506176,11.05932236,1
16.51164818,10.31488609,0
16.42634392,10.72802639,0
6.009696007,5.851490974,2
5.939090252,5.893113613,2
-3.783732176,16.56385422,7
-2.828040838,9.354979515,8
5.92662859,5.896680832,2
15.44743824,10.92874432,0
-6.018685341,11.25399303,1
5.954109669,5.885808468,2
3.637972116,-4.90382719,6
0.619689345,8.678277969,3
0.929118216,8.599859238,3
-4.044587612,17.09323692,7
1.034255505,8.786872864,3
0.848614275,8.829128265,3
6.361107826,18.30120087,4
3.639706135,-4.428607464,6
3.597492933,-4.937355995,6
4.693700314,-4.274149418,6
5.512518883,18.25293541,4
-2.444948435,17.40839958,9
-5.848882198,10.99176407,1
-4.605190277,1.15009594,5
15.70526505,10.88897133,0
-0.408524632,3.797170639,9
-4.782823086,1.472741485,5
5.933077812,5.899368286,2
-3.153362989,9.401759148,8
5.90742588,5.918268681,2
16.64594078,10.67131329,0
16.5038147,10.78913212,0
-5.973731995,11.19315052,1
-3.251992464,17.2165699,7
3.539216757,-4.962242603,6
1.010143042,8.879526138,3
7.453210831,4.292347908,2
-5.680109024,10.96912193,1
-3.936720133,16.49752426,7
5.348107338,18.16259003,4
3.335359335,-4.812178135,6
1.001244545,8.775230408,3
-5.769296169,11.29111004,1
0.841764748,8.864188194,3
-1.040544868,3.460089684,9
-5.402158737,10.41761971,1
-4.179117203,17.46152115,7
3.582771063,-5.100868225,6
-3.003240585,9.79044342,8
6.448660374,18.09506226,4
0.928978801,8.903534889,3
-4.787762165,9.567060471,1
6.504910946,18.21993637,4
15.78261471,10.94368839,0
-4.903841019,1.412221432,5
-0.264981836,9.395988464,3
3.855154991,-4.957806587,6
-0.344389051,3.884560108,9
3.378862381,-4.942481041,6
-5.814899445,11.61548805,1
-3.974891663,16.83203125,7
-5.551142693,0.956429482,5
5.416568279,18.25792694,4
5.439730167,18.33895111,4
-3.555333614,17.31391144,7
7.033437252,5.147024155,2
-3.063838243,9.256463051,8
6.021057606,5.835291386,2
6.234035015,5.706307411,2
-5.480658531,0.589428663,5
-3.70812273,17.20899963,7
-0.356658429,4.026179314,9
-4.79057169,1.104256392,5
5.316156387,18.07519531,4
-2.592643499,9.685388565,8
-2.620378494,9.324095726,8
5.812792301,18.26849937,4
-1.245367765,4.134975433,9
15.62884521,10.89490891,0
-3.270513058,9.783773422,8
-1.214306116,3.5378263,9
-4.613563538,9.46485424,8
16.31316376,10.31558704,0
-6.337910175,11.74653816,1
7.17017746,4.229721069,2
0.966383636,8.959360123,3
6.602909088,17.1372757,4
-5.69745779,0.582129002,5
4.299269676,-3.875964165,6
-3.740784645,17.61509132,7
-2.315470457,9.096565247,8
-0.38462311,3.929226637,9
15.75965786,10.63440704,0
-5.930863857,11.67567921,1
6.956022263,4.302365303,2
1.091914892,8.811930656,3
6.592028141,17.08792877,4
-5.229754448,0.599713624,5
3.148565054,-4.011006832,6
-3.709420681,17.75519943,7
-2.704169512,8.820916176,8
-0.597678423,3.689393044,9
15.99557686,10.8910799,0
-6.0227561,11.79307747,1
7.072826385,5.209608078,2
0.991827846,8.858325005,3
6.585690498,17.16272736,4
-6.027653694,0.497062325,5
3.531607628,-4.719269276,6
-3.279303789,18.03423309,7
-2.594603539,9.486966133,8
-0.484569788,3.816549778,9
15.43947792,10.46938038,0
-0.419750303,3.837198257,9
-5.42526865,0.603050709,5
-5.904571533,0.493523896,5
4.700829983,-4.206348419,6
-5.902627945,0.432324916,5
15.69411278,10.2454195,0
-0.636798501,4.100988388,9
-2.435492992,9.206355095,8
-0.381403208,3.971668243,9
-3.105494261,9.462854385,8
6.641665459,17.01304817,4
-6.13657093,11.56724072,1
-3.686825275,16.63056374,7
-4.262329102,16.92261124,7
0.704085946,8.74679184,3
-5.578871727,0.766890645,5
-6.05891037,11.74722099,1
16.48472977,10.77287006,0
15.49581718,10.85371685,0
7.045637608,4.528184891,2
6.891262054,4.447387695,2
-3.682981968,17.72367477,7
-2.172881365,9.111209869,8
7.687324047,4.085045338,2
15.56461334,11.00316715,0
-6.133743286,11.49327374,1
7.813359261,4.598124504,2
4.476335526,-4.322414398,6
1.119858861,8.663748741,3
0.999635637,8.770573616,3
-3.188517094,18.14798164,7
1.127744794,8.779308319,3
1.001062751,8.679728508,3
6.572877407,17.07605171,4
3.463230371,-4.692974091,6
4.470095634,-4.390748501,6
4.632628441,-4.179338932,6
6.673252106,17.01169014,4
-0.733990908,3.902919292,9
-5.759038448,11.50575638,1
-5.671802998,0.689820707,5
16.00470352,10.90886879,0
-1.050000548,3.926701784,9
-5.968291283,0.443812817,5
6.897410393,5.282047272,2
-2.60706377,9.572104454,8
6.986103535,4.501285076,2
15.43790245,10.78101635,0
15.72162247,10.9702282,0
-6.094997406,11.65351963,1
-2.679159641,17.64498901,7
4.629010677,-4.3945961,6
1.048997998,8.904793739,3
7.05443716,4.357131958,2
-5.747929573,11.51825523,1
-3.299956083,18.11379051,7
1.024103403,8.908638,3
-6.00877142,11.73875618,1
0.909900546,8.797421455,3
-1.525093675,4.213379383,9
-5.958816528,11.44763947,1
-3.578523636,16.95062447,7
3.20302701,-4.599811077,6
-1.929854512,9.17889595,8
6.629317284,17.07320023,4
1.039726853,8.903272629,3
-5.834550381,11.51502514,1
6.588362694,17.12563324,4
16.43431473,10.7164917,0
-5.794210911,0.435296953,5
1.180605769,9.030569077,3
3.520279646,-3.659373999,6
-0.470403612,3.725934029,9
4.175739288,-3.54170537,6
-5.946895123,11.49476337,1
-3.275519848,17.90347481,7
-5.761297703,0.572498977,5
6.665304184,17.02490234,4
6.628018856,17.1171093,4
-3.394678354,18.04289436,7
7.68183279,4.051261425,2
-2.890087605,9.321221352,8
7.640802383,4.049523354,2
7.002076626,4.523397923,2
-5.789411545,0.459707677,5
-5.609431267,0.526579201,5
6.643879414,17.17424202,4
-2.546083927,9.271241188,8
-2.261814117,9.23534584,8
6.603103161,17.06463242,4
-1.451251984,4.5829072,9
15.78866863,10.90401077,0
-1.928584933,9.210197449,8
-1.509853959,4.4812994,9
-3.006025076,9.161438942,8
16.12872505,9.866387367,0
-4.54990387,9.907178879,1
7.349449635,4.754916191,2
0.216703281,7.427545547,3
5.392813206,18.2917881,4
-3.685798407,1.439611554,5
4.41228056,-3.662510395,6
-3.613273859,16.73714447,7
-2.306026697,8.190038681,8
-5.100673199,15.27787304,9
16.18253326,10.516675,0
-5.124868393,10.81885147,1
7.324407101,4.655002117,2
0.570731521,7.899372101,3
5.572511196,18.2735672,4
-5.365692616,0.555421948,5
4.163520813,-3.86124444,6
-3.397606611,17.60642242,7
-2.893162489,9.479335785,8
-5.040020943,15.33686638,9
16.23938179,9.844631195,0
-4.376213074,10.06504536,1
7.056490421,4.485472202,2
0.96602273,7.536355495,3
5.44970417,18.15814781,4
-4.214478016,1.264861465,5
4.738223076,-4.139929295,6
-4.371135235,16.89158249,7
-2.946775675,9.325056076,8
-0.96690625,3.727699041,9
16.2348671,9.687626839,0
-0.503122747,4.169578075,9
-3.99906373,1.253782153,5
-3.921991825,1.872842789,5
4.007744789,-4.132926464,6
-3.539370537,1.989540815,5
16.32688522,9.57823658,0
-1.547340631,4.03025341,9
-2.004137278,8.853226662,8
-0.946354151,4.411177635,9
-2.297976971,8.669095993,8
5.956647396,18.46061134,4
-4.417928219,9.376428604,1
-3.434277058,17.75266838,7
-4.496988297,16.830513,7
0.890343666,8.048701286,3
-4.064935684,1.289546728,5
-4.466221809,10.0036869,1
16.52767563,10.18232822,0
16.61601448,10.04501629,0
7.181470394,4.138880253,2
6.975880623,4.438523769,2
-3.81575346,16.52172852,7
-2.444965363,7.936173439,8
7.279983997,4.762579441,2
16.45624733,9.871401787,0
-5.727883816,11.52458954,1
7.335310936,4.466842651,2
4.449313641,-3.620231628,6
0.289333612,7.730722904,3
1.027184248,8.132154465,3
-4.126644611,16.69103622,7
0.840775907,7.676201344,3
0.550354958,7.828393459,3
5.529974937,18.23452568,4
4.533883095,-4.022583008,6
4.530824184,-4.101349831,6
3.791502476,-4.100195408,6
5.493308544,18.04437256,4
-5.103969574,15.34358978,9
-4.637253284,9.725628853,1
-5.326763153,1.075422406,5
16.19364548,9.980739594,0
-5.031480789,15.35067654,9
-4.084939957,1.214057565,5
7.17833662,4.61452055,2
-2.32322979,8.219630241,8
7.088681698,4.191966534,2
16.17073631,9.888155937,0
16.10320854,9.893933296,0
-4.615337849,10.23789978,1
-4.21750927,17.29334641,7
3.350504398,-4.552555561,6
0.666764021,7.900122166,3
6.991520882,4.434707165,2
-4.78962183,10.50503826,1
-4.101980209,17.3288269,7
5.561739922,18.24600029,4
4.497891426,-3.666343212,6
0.848615587,8.194008827,3
-4.613771915,10.05218697,1
0.187775463,7.761648178,3
-5.073746681,15.31433582,9
-5.068802834,9.718859673,1
-3.442625284,17.91711235,7
3.962363243,-4.082829475,6
-2.483571291,9.064644814,8
6.09164238,18.51860619,4
0.204011217,7.761917591,3
-5.131400585,9.936530113,1
5.147160053,18.33079338,4
16.24000549,10.48635101,0
-3.710909605,1.474610448,5
1.029871345,7.481921196,3
4.466864586,-3.940675735,6
-5.070039272,15.33173275,9
4.536026955,-4.108068943,6
-4.36596489,9.426678658,1
-3.422549725,17.94809914,7
-4.685152054,1.252984285,5
6.525064945,18.85516167,4
5.739768505,18.3870182,4
-4.077797413,17.32361412,7
7.14979887,4.585248947,2
-2.36155653,8.470446587,8
7.077138901,4.124667645,2
7.408253193,4.485929489,2
-3.731036663,1.766310215,5
-4.131032944,16.86166191,7
-6.137524605,12.87641144,9
-5.790770531,0.405960351,5
5.561676979,18.17916107,4
-1.829697847,8.104618073,8
-2.220025778,8.34312439,8
5.867288589,18.24559593,4
-6.157824993,12.87425327,9
16.4876442,10.55963898,0
-2.937863588,9.394384384,8
-5.098827839,15.33125877,9
0.779270828,8.289904594,3
16.40274048,10.81310272,0
-6.408442974,11.62843323,1
7.830280781,5.268002033,2
0.954674959,8.07862854,3
6.548734665,17.08161736,4
-4.336178303,1.038899302,5
3.420485258,-3.662316799,6
-5.197207451,16.00795364,7
-2.604680538,8.045137405,8
-1.094635487,3.460446835,9
16.19748878,10.71669579,0
-5.892291546,10.94601345,1
7.873660088,5.666408062,2
0.027118877,7.289079666,3
5.867258072,17.20985413,4
-4.716069221,0.888115346,5
3.21926856,-3.671874285,6
-5.198302746,16.00639725,7
-2.476238728,9.299365044,8
-0.792598188,4.257883072,9
15.93156433,10.84380627,0
-6.095184803,11.35742855,1
8.124995232,4.895227432,2
0.396757096,7.119809151,3
6.537270546,17.15336418,4
-4.556344509,0.976022661,5
3.151143312,-3.653892994,6
-5.201663017,16.00610733,7
-2.730629921,7.597885132,8
-0.83078593,4.281963348,9
15.65196133,10.5297699,0
-1.390154481,4.700424671,9
-4.066857338,1.125035286,5
-4.52166748,1.04092443,5
3.116587877,-3.673214674,6
-1.203320503,3.355626822,5
16.30288696,10.72983265,0
-1.389044166,4.64824295,9
-2.621444941,8.400432587,8
-1.087077022,4.311648369,9
-2.44973588,8.362776756,8
6.480247498,17.40612602,4
-6.140530109,11.40920353,1
-5.203585148,15.97062397,7
-4.971188068,16.27405357,7
0.072067849,7.318698406,3
-4.414011002,0.999370396,5
-5.9164114,11.00232029,1
16.52377319,10.7411871,0
16.11898994,10.81732941,0
7.886847019,5.6347332,2
7.917628765,5.157409191,2
-5.186553955,15.96027756,7
-2.586100578,7.796517372,8
7.891061306,5.335370541,2
16.58328629,10.30237198,0
-4.481387615,-5.624111652,1
7.824176311,5.785843849,2
4.065966129,-3.839213371,6
0.123260431,7.473116398,3
-0.069906063,7.303933144,3
-5.214296341,15.98935032,7
0.065624319,7.337300777,3
-0.059620384,7.354654312,3
6.289092541,17.18305969,4
3.122815609,-3.648762226,6
3.294495821,-3.675383091,6
3.129465342,-3.655952692,6
6.560471058,17.14716148,4
-1.274404287,4.218734264,9
-6.125856876,11.37594223,1
-4.04144001,1.261380792,5
15.72654438,10.229599,0
-1.415017366,4.624712944,9
-4.534667492,1.06409812,5
7.933806419,5.324487209,2
-2.560474634,8.285581589,8
7.904215813,4.857666969,2
16.45233917,10.12622738,0
16.35295677,10.8205595,0
-5.86079216,10.87756824,1
-5.221467972,15.99862194,7
3.72826004,-4.70509243,6
0.001226846,7.320070267,3
8.032616615,4.606728077,2
-5.797289848,10.91647816,1
-5.028907299,16.20174026,7
6.577709198,17.90565681,4
3.050904512,-3.788085461,6
0.062901728,7.361160755,3
-5.970914841,11.28718567,1
0.113358036,7.457587719,3
-1.220345616,4.346371174,9
-6.036033154,11.11853504,1
-5.137003422,15.50457096,7
3.099112034,-3.664759398,6
-2.392711401,8.255941391,8
6.239546776,17.15146446,4
0.134179845,7.483580589,3
-5.938444138,11.00294018,1
6.453713417,17.20136642,4
16.20388031,10.88578892,0
-4.592546463,1.022014618,5
0.025162151,7.280817986,3
3.171418428,-3.751885891,6
-1.395252109,4.676003456,9
3.866385698,-4.97356987,6
-6.182779312,11.4383831,1
-5.195644855,16.02033043,7
-4.610917091,0.978471637,5
6.564684391,17.76855278,4
6.590682507,17.3413868,4
-5.207577229,15.98202229,7
7.818881035,4.629362106,2
-2.357887506,8.053070068,8
8.111584663,4.830928802,2
5.966000557,5.886059284,2
-5.629813194,0.836394489,5
-5.096130371,16.10163689,7
-1.117862582,4.31351614,9
-4.51388216,1.047414184,5
6.545673847,17.79047012,4
-2.521267176,9.025044441,8
-2.674046516,9.043380737,8
6.562575817,17.00668335,4
-1.364115357,3.558838606,9
16.27455521,10.21343422,0
-2.535706043,8.272035599,8
-1.251319528,4.387302399,9
-2.593687057,8.167109489,8
15.92046261,10.10576916,0
-4.635717392,-5.778810501,1
7.60855341,6.070816994,2
1.042519331,6.391570568,3
5.251676559,17.40123749,4
-3.955337286,1.306211233,5
3.862129211,-4.62032938,6
-2.604511976,17.59906006,7
-1.699857235,9.104516029,8
-1.262427926,4.756266117,9
16.6604557,10.08835697,0
-4.484897614,-5.627645969,1
7.51531744,5.400906086,2
1.085287333,6.457908154,3
5.088312149,17.62575722,4
-3.592623711,1.614928603,5
4.132040977,-4.13668108,6
-2.996798515,17.29275703,7
-1.664601922,9.083047867,8
-1.322444916,4.534034729,9
16.02200699,9.973051071,0
-4.545629978,-5.689686775,1
7.602946281,5.646337986,2
1.08575809,6.356553078,3
5.629229069,17.28026009,4
-3.793064594,1.320315957,5
4.096552372,-4.227264404,6
-3.806232214,16.47943497,7
-1.701176405,9.009623528,8
-0.957589149,4.835482121,9
15.87880516,10.06323719,0
-2.675674438,9.151668549,9
-4.171758175,1.182007909,5
-3.468760014,1.654312849,5
4.003635883,-4.677107811,6
-3.67307806,1.419840693,5
16.75264931,10.23262787,0
-1.289318442,3.591875553,9
-1.688359261,9.097833633,8
-1.21753633,4.838643551,9
-1.593943834,9.090262413,8
5.363321781,17.43077087,4
-4.501863956,-5.645509243,1
-3.76257062,17.08701515,7
-3.213728189,17.10704803,7
1.070766211,6.426396847,3
-3.727740765,1.382585526,5
-4.599664688,-5.74898386,1
16.13024712,10.30003452,0
16.80834389,10.62710285,0
7.484723091,5.53004837,2
7.519452095,5.491194725,2
-2.810756683,17.52300644,7
-1.554515243,9.067275047,8
7.574913979,5.597955227,2
16.13274384,9.897835732,0
-4.541588783,-5.685194969,1
7.49833107,5.378195286,2
4.020051003,-4.78446722,6
1.036476851,6.337265491,3
1.025725961,7.277451515,3
-3.698227406,16.56180382,7
1.067310452,6.332928181,3
1.044340491,6.373070717,3
5.483947277,17.58786964,4
4.075957775,-4.442725658,6
3.922869205,-4.701767445,6
4.07760334,-4.212597847,6
5.174914837,17.53213692,4
-1.410106897,3.728675842,9
-4.617168903,-5.762201786,1
-3.870517254,1.350847483,5
15.91180611,10.55856609,0
-1.394337296,4.207671642,9
-3.674945831,1.488920212,5
7.61117506,5.742835045,2
-1.584414244,9.088954926,8
7.242681503,4.740983963,2
16.36669731,10.13109779,0
15.92219639,10.04220867,0
-4.596841812,-5.742067814,1
-3.038267136,17.47880363,7
4.02684927,-4.516843319,6
1.067696214,6.358864307,3
7.611231327,4.293119907,2
-4.62409544,-5.768827438,1
-3.114876747,17.21577644,7
5.288562298,17.31317329,4
3.978560209,-4.839160442,6
1.035130501,6.34307003,3
-4.553618908,-5.700182438,1
1.061542869,6.350745201,3
-1.274063945,4.757829189,9
-4.654764175,-5.798315048,1
-3.520073414,17.64815331,7
3.866351843,-4.574147701,6
-1.617442131,9.095787048,8
5.375025272,17.35467148,4
1.068075657,6.409949303,3
-4.122440338,9.501354218,1
5.230883121,17.31420517,4
15.97315788,9.886112213,0
-3.511364222,1.593904138,5
1.050904274,6.399615288,3
3.911347866,-4.665772438,6
-1.131139278,4.822868824,9
3.965233088,-4.700298309,6
-4.664963722,-5.807639122,1
-3.402597189,17.34365654,7
-3.899632931,1.352417707,5
5.488081455,17.28845024,4
5.49911356,17.68149376,4
-3.028637409,17.87967873,7
7.538022995,5.392231941,2
-1.807857752,8.995332718,8
7.339663029,4.86772728,2
7.543209553,5.48313427,2
-4.024274349,1.313186646,5
-3.159572124,17.17121887,7
-1.03603673,4.139195919,9
-3.706628323,1.511542559,5
5.263473034,17.38329887,4
-1.665346622,9.092273712,8
-1.587467194,9.091425896,8
5.230906487,17.41986847,4
-1.407937765,3.773625612,9
16.09200287,10.12910652,0
-1.625492692,9.115886688,8
-0.874036849,4.266112328,9
-1.66380012,9.068748474,8
15.68133736,10.12591743,0
-4.28761816,9.852713585,1
6.685572624,4.630433083,2
0.950619876,7.919043064,3
6.520339489,17.16275978,4
-4.336038113,1.527177453,5
4.524360657,-4.16335535,6
-3.273020029,17.25859261,7
-2.332086563,8.385406494,8
-6.185066223,12.88427258,9
16.24446106,9.378240585,0
-4.316888332,9.381299019,1
6.714374065,4.682798862,2
1.252172947,7.93010807,3
6.517117977,17.17474747,4
-5.840907574,0.983361781,5
4.559272766,-4.057018757,6
-3.72471118,16.5206604,7
-2.622850418,8.929968834,8
-6.117977142,12.81734657,9
15.51419163,10.43674278,0
-4.407277107,9.406052589,1
6.73050642,4.692236423,2
0.793851674,7.955269814,3
6.613446712,17.56096268,4
-5.851480007,0.875602424,5
4.53310585,-4.065224171,6
-3.977936745,16.314394,7
-2.347839594,8.38024807,8
-6.12962532,12.83714199,9
16.06544113,9.837203026,0
-6.115513802,12.79713726,9
-4.439599037,1.692483068,5
-5.638399601,0.872104049,5
4.622447968,-4.135495663,6
-5.885857582,0.86126107,5
16.22826958,10.80040455,0
-6.149570942,12.38454247,9
-2.712527514,8.727416992,8
-6.091373444,12.78814316,9
-2.550410748,8.607898712,8
6.428936005,17.33586884,4
-4.175475121,9.903068542,1
-3.994847536,16.29968834,7
-4.01486969,16.32228279,7
1.2206918,8.075216293,3
-5.746371746,0.879597545,5
-4.184295177,9.849575043,1
15.68142223,10.62307835,0
16.28494072,9.759111404,0
6.826696396,5.164015293,2
6.698271275,4.775807858,2
-3.77123332,16.4395504,7
-2.79786253,9.071181297,8
6.696362019,5.246623993,2
15.41662216,10.75578213,0
-4.638244152,10.09769821,1
6.769111633,5.300036907,2
4.695849895,-4.275389194,6
1.245236397,7.983013153,3
1.041423798,7.939872265,3
-3.742743015,16.43423653,7
1.322838187,7.95136261,3
0.79458338,8.018174171,3
5.700494766,17.86822891,4
4.588337421,-3.717602015,6
3.750092745,-4.002595901,6
4.638637543,-3.744949102,6
6.506024361,17.16197777,4
-6.104381561,12.79456997,9
-4.230785847,9.760163307,1
-4.451568127,1.781633854,5
15.48839569,10.49640083,0
-6.097977638,12.70686626,9
-4.458181858,1.705255747,5
6.754889965,4.989501953,2
-2.453607559,8.03888607,8
6.747823238,4.61997509,2
15.5567627,10.37823391,0
16.09104919,10.36068058,0
-4.647041798,10.12977791,1
-3.858789206,16.38246536,7
4.47680378,-3.953150272,6
1.24881804,7.965277195,3
7.129263401,4.046611786,2
-4.139452934,9.607663155,1
-3.951898575,16.28817749,7
6.439573765,17.25238609,4
3.548158646,-4.732751846,6
1.269786,7.885261059,3
-4.189085007,9.497280121,1
0.238056988,7.746687412,3
-6.098880291,12.71950054,9
-4.159173012,9.710902214,1
-3.862270594,16.40485001,7
4.482923031,-3.718496084,6
-3.051049471,8.924310684,8
5.22816515,17.40852928,4
0.223222613,7.716550827,3
-4.213729382,9.755178452,1
-3.294970512,17.37313461,4
15.80945969,10.56306458,0
-4.481291294,1.714271903,5
0.617248476,8.014620781,3
3.517977953,-4.755125046,6
-6.137516975,12.84252262,9
3.477662802,-4.706141472,6
-4.223489285,9.869478226,1
-3.844803572,16.40604782,7
-5.769355774,0.777079225,5
5.563202381,17.27896881,4
5.053687096,18.24848557,4
-3.949414968,16.33523369,7
6.661109447,4.651808739,2
-3.061375141,9.388090134,8
6.708611965,4.676910877,2
6.662201405,4.641506672,2
-5.8589921,0.81093514,5
-3.283915043,17.25076294,7
-6.148388386,12.8728075,9
-5.988661766,0.572713315,5
5.605487347,17.2779026,4
-2.40645504,8.26600647,8
-3.14659667,9.374495506,8
5.029519558,18.10437393,4
-6.126812458,12.81013584,9
15.79562569,10.30461693,0
-2.309069395,8.509228706,8
-6.147084713,12.83784008,9
-2.88296628,9.148177147,8
16.64432144,9.846383095,0
-5.205780506,9.874827385,1
7.151834965,4.190596581,2
0.172603279,7.772768497,3
5.724220753,17.34389687,4
-5.347429276,0.526932001,5
3.526883125,-3.444702387,6
-4.083510399,17.24479294,7
-3.288893461,8.619642258,8
-0.734313786,4.111176014,9
16.71820641,10.20258999,0
-5.168642044,9.952831268,1
7.424379349,4.360220432,2
0.386301994,7.838217258,3
5.999110222,17.51760292,4
-5.949890137,0.340555698,5
3.600963831,-3.414850235,6
-3.462228298,17.57897758,7
-5.860587597,11.00444984,8
-1.171963334,3.756270647,9
16.39344025,9.696199417,0
-4.702889442,10.05594063,1
7.168559551,4.016689301,2
0.595570207,7.717072964,3
5.666252613,17.35469246,4
-5.888211727,0.446012974,5
3.110715151,-3.64953804,6
-3.536893606,17.70556068,7
-3.063785315,9.283806801,8
-0.831958354,4.241152763,9
16.52796364,10.02075958,0
-1.195269227,3.702872515,9
-5.210260868,0.606244922,5
-5.917170048,0.701931834,5
3.913668156,-3.519186735,6
-5.348028183,0.568572879,5
16.34391975,10.01232243,0
0.871634603,6.16524744,9
-2.490674973,7.942649841,8
-1.349316835,3.701703787,9
-2.767294168,7.635446072,8
6.215929031,18.36522102,4
-4.036482811,9.657349586,1
-3.310751915,17.94390869,7
-4.058530331,17.15475464,7
0.536834598,7.93944931,3
-5.366186619,0.623554587,5
-4.113459587,9.623146057,1
16.02225494,10.2691164,0
16.014925,9.969517708,0
6.99414587,4.49353981,2
7.585187435,3.986152172,2
-3.292285204,18.10580254,7
-2.784994602,7.612763882,8
7.077786922,4.12111187,2
15.74155521,9.964428902,0
-4.423881531,-5.566221237,1
8.038573265,4.622943401,2
3.253945351,-4.565503597,6
0.390718341,7.890882969,3
0.495257497,8.027896881,3
-3.707125187,17.58526039,7
1.014106154,8.326360703,3
0.777505279,8.5974617,3
5.863407135,17.42331505,4
3.2336514,-3.811356306,6
4.022604942,-3.55755806,6
3.480560541,-3.428471088,6
5.736673355,17.32977104,4
-0.783320665,4.149447441,9
-4.149795532,9.965355873,1
-5.230029583,0.641944766,5
15.52415848,10.4558754,0
-1.375850081,4.409365177,9
-5.344284058,0.668198347,5
7.288136959,3.96562767,2
-2.840919495,8.757711411,8
7.577153683,3.982231379,2
15.3914957,10.59256649,0
16.60701752,10.14016533,0
-4.430119514,9.380021095,1
-3.741717577,17.62164879,7
4.159105778,-3.852786064,6
0.812607646,8.184800148,3
6.907043934,5.36585474,2
-4.289524078,9.859674454,1
-3.595837355,16.82100296,7
6.567712307,18.59280968,4
3.188564539,-3.535746813,6
0.346977532,7.714110851,3
-4.721325397,9.64561367,1
0.571054876,7.79855299,3
-1.218296289,3.56561327,9
-4.907963753,9.728638649,1
-3.374298334,17.99729538,7
3.936889887,-3.642445564,6
-3.244195938,8.680475235,8
5.706017494,17.36515999,4
0.478544921,7.700446606,3
-4.738093376,10.02905083,1
6.665652275,18.90892982,4
16.35515976,9.821440697,0
-5.139441967,0.659938812,5
0.703592181,8.425037384,3
3.083007336,-4.570637703,6
-0.763730109,4.138493538,9
4.702720165,-3.993853569,6
-4.312911987,10.02484798,1
-3.656097174,17.68985939,7
-5.886836529,0.562195182,5
5.722840309,17.30857277,4
6.258713245,18.19812584,4
-3.740444422,17.58637047,7
7.401759624,3.966373444,2
-2.866052389,7.632978916,8
1.323568463,9.0883255,2
6.714129448,4.534721375,2
-4.920392036,0.827814817,5
-2.752756596,17.54178619,7
-1.32363987,3.554494858,9
-5.871187687,0.408650577,5
5.766629696,17.42430496,4
-2.798279524,7.644174099,8
-0.489662051,7.695644379,8
6.660946369,18.88428879,4
-1.328885555,3.625849247,9
16.045784,10.3651762,0
-2.815659761,7.666155338,8
-1.055261731,3.605768919,9
-3.508078337,8.808754921,8
-4.429467201,-5.571892262,1
7.288190842,4.707900524,2
0.732109547,7.181306839,3
6.44512701,18.46672249,4
-4.009078026,1.371844649,5
4.696439743,-3.954591274,6
-4.689786911,17.05771446,7
-2.27070117,8.427462578,8
-0.5117383,4.262667179,9
16.80374908,10.07658768,0
-4.384866714,-5.527012825,1
7.93892765,4.307082653,2
0.483511329,7.427453041,3
6.51821804,18.51249504,4
-3.426545858,1.725208163,5
4.743856907,-4.018224239,6
-4.496432781,17.30682182,7
-2.247886896,8.322049141,8
-0.882047713,4.390218258,9
16.76633263,10.15009308,0
-4.386340618,-5.528363228,1
7.542713642,4.915960312,2
0.292104304,7.353878021,3
6.060815334,18.65709114,4
-3.199239731,1.916573524,5
4.582509518,-3.669939756,6
-4.695143223,17.03735542,7
-2.201793432,8.396696091,8
-0.699789345,4.421573639,9
16.3820343,10.31623173,0
-0.983774722,3.848210335,9
-3.291585684,1.898793101,5
-3.654815435,1.513793349,5
4.264360905,-3.885980844,6
-3.297019958,1.860375524,5
16.72275162,9.957880974,0
-0.985205352,4.421263218,9
-2.223643541,8.354761124,8
-0.735614955,4.104078293,9
-2.461833715,8.258031845,8
5.389604568,18.67238808,4
-4.671344757,-5.813800812,1
-4.429394722,17.42232513,7
-4.583637714,16.88611221,7
0.290759563,7.385085583,3
-3.258995771,1.867550492,5
-4.606760025,-5.749202251,1
7.875884056,5.07403326,2
-4.51480341,17.3332386,7
-2.264042616,8.163350105,8
7.694943428,5.867550373,2
16.6764679,10.14531136,0
-4.575042725,-5.717586994,1
7.719133377,5.42743206,2
4.671425343,-3.89794755,6
0.592048287,7.433007717,3
0.669301152,7.428189278,3
-4.599844933,17.13197517,7
0.752533615,6.993774891,3
0.32992956,7.190979004,3
5.864442348,18.66345596,4
4.216074467,-3.906707048,6
4.421320438,-3.845828533,6
4.613733292,-3.891216993,6
6.110138416,18.62983131,4
-0.517752826,4.251475334,9
-4.654863834,-5.797320843,1
-3.65093255,1.533145428,5
16.84632301,10.0391798,0
-0.590200782,4.345071793,9
-3.395029068,1.827270031,5
7.70686388,5.847144127,2
-2.369046688,8.27581501,8
7.680427551,5.810410976,2
16.6623764,9.851389885,0
16.72643089,10.28098774,0
-4.572677612,-5.715245724,1
-4.072832108,17.26540565,7
4.574504852,-3.784806252,6
0.723071933,7.043998241,3
7.85086298,4.896035194,2
-4.427046299,-5.569540024,1
6.730572224,18.96921921,4
3.661140203,-4.238088608,6
0.822774649,7.241956711,3
-4.637619972,-5.780497551,1
0.579359889,7.086298466,3
-0.687973082,4.294000149,9
-4.606475353,-5.749032021,1
-4.609312057,17.10440826,7
3.953695774,-3.950412273,6
-2.557601929,7.81818676,8
5.85934782,18.67986679,4
0.597297132,7.672880173,3
-4.659139633,-5.801690102,1
6.542483807,18.4494381,4
16.62127876,10.01039696,0
-4.103682041,1.225238919,5
0.421711475,7.243186951,3
4.436857224,-3.722185373,6
-0.825911701,4.380455017,9
4.173333645,-3.548668385,6
-4.476028919,-5.618672371,1
-4.657737732,16.99419403,7
-3.3038342,1.812994957,5
6.432408333,18.53968048,4
5.391111851,18.69383812,4
-4.379209518,17.41035652,7
7.6227355,5.395216942,2
-2.186199427,8.346364975,8
7.737893105,5.885588169,2
8.09412384,4.907842636,2
-3.314938307,1.83296597,5
-4.538793564,17.11496544,7
-0.908107877,3.994822264,9
-3.679420948,1.768826008,5
5.210813522,18.68293953,4
5.233638763,18.51703072,4
-0.69197458,4.689155102,9
16.82407379,10.06389046,0
-2.441883087,7.931521416,8
-0.950052083,4.436304569,9
-2.310118437,8.379383087,8
16.42489624,9.750878334,0
-4.115784645,9.770749092,1
7.505863667,4.377916813,2
1.112357855,7.437320709,3
5.257395744,18.65119934,4
-5.260804176,1.008155823,5
4.524414063,-3.643148184,6
-4.139483452,17.59970474,7
-2.989214182,9.38292408,8
0.557071865,7.604074001,9
16.29341888,10.65181446,0
-4.176692486,9.796833992,1
7.189268589,5.272813797,2
1.135351539,7.365701675,3
5.288918972,18.65867424,4
-4.812107086,1.057139039,5
4.075320721,-3.476108551,6
-4.379108906,17.39456749,7
-2.455692053,9.71237278,8
-0.576309562,4.682577133,9
16.59228897,10.49866581,0
-5.154455185,9.909998894,1
7.652289391,5.835762501,2
1.190315723,7.679849148,3
5.32268858,18.61491394,4
-4.016608715,1.317005038,5
4.22531414,-3.880298853,6
-4.154297352,17.63721275,7
-2.165513277,8.902523994,8
-0.600095332,4.662673473,9
16.58149529,10.30536175,0
-1.742727518,4.238395691,9
-5.082896709,1.141006112,5
-5.231503487,1.040954471,5
3.231146574,-4.465049744,6
-5.244848728,1.036530495,5
16.26818657,10.71879673,0
-0.537265897,4.611019611,9
-2.203805447,8.655097008,8
-1.672747731,4.176314831,9
-2.471313477,9.209594727,8
5.360618591,18.70426941,4
-4.0660882,9.848511696,1
-4.291363239,17.60847473,7
-4.314384937,17.43202209,7
1.222763538,8.068378448,3
-4.544210911,1.232166409,5
-4.863115311,9.677587509,1
16.5796566,10.47647285,0
16.68359756,10.50506973,0
-4.231768608,17.70508766,7
-2.456766605,9.787700653,8
7.527256012,5.96043396,2
16.80852318,10.51453018,0
-4.407075405,9.558189392,1
7.625522614,5.829450607,2
3.690708399,-4.692286491,6
1.260693192,7.73353529,3
1.202759504,8.08234787,3
-4.225748539,17.69511986,7
1.204854965,7.711360455,3
1.243507385,7.845876217,3
5.228034973,18.51927376,4
4.443768024,-4.375905991,6
3.461095572,-4.132396221,6
3.862524033,-4.190612793,6
5.066929817,18.25557899,4
-0.578359425,4.68308115,9
-5.190672874,9.886375427,1
-4.435444355,1.502509236,5
16.46670341,10.2100668,0
-2.808307648,9.561170578,9
-5.54019022,0.861420572,5
7.826156139,5.738233089,2
-2.192645311,8.827815056,8
7.608994007,6.107552052,2
16.82242584,10.49581146,0
16.85197258,10.59648609,0
-4.619890213,9.446304321,1
-3.287668228,17.5001049,7
3.53111124,-4.814665318,6
1.163061976,7.533723354,3
7.891415119,5.2057271,2
-5.174962521,9.930761337,1
-4.19754076,17.71335983,7
5.254334927,18.589571,4
4.463021278,-4.234717846,6
1.155677676,7.53692627,3
-4.044789791,9.896892548,1
-3.857056618,16.53564262,3
-0.536326051,4.671056747,9
-4.56565237,10.01510906,1
-4.335637093,17.49596977,7
3.763613462,-3.98192811,6
-2.251351833,8.904267311,8
5.167583942,18.42480469,4
1.226737738,7.548694611,3
-4.725528717,9.544322014,1
5.505297661,18.3946228,4
16.4022522,9.973956108,0
-5.037731647,1.309834242,5
1.250650764,7.702657223,3
3.716677189,-5.068100929,6
-0.870361626,3.994883537,9
4.081145763,-3.763448,6
-4.734826088,9.508343697,1
-3.115334511,17.25389862,7
-4.43278265,1.707315683,5
6.045663834,18.38494301,4
5.243103027,18.61061668,4
-3.797155857,17.73206139,7
8.073795319,4.937963963,2
-2.756564856,9.607479095,8
7.402466774,5.372272968,2
7.644518375,6.055430889,2
-5.316504002,0.989788294,5
-4.160318375,17.66407394,7
-0.981453717,4.092658997,9
-4.687457085,1.558358431,5
5.682021618,18.35726738,4
-2.089729548,8.673573494,8
-2.13388133,9.306661606,8
5.20783186,18.41138649,4
-0.552829981,4.748346329,9
16.72383118,10.32805157,0
-2.431517363,9.466874123,8
-1.029795289,4.112609863,9
-2.327698946,9.268055916,8
16.32611847,10.02641487,0
-5.78811264,10.93492222,1
7.411972523,4.197640419,2
0.89073199,7.554848671,3
5.67053318,18.30430031,4
-4.344150543,1.847438693,5
4.436026573,-3.57580781,6
-2.880470514,17.44034767,7
-2.202206612,8.265173912,8
-1.285644531,4.554717541,9
16.30365372,9.613862038,0
-5.906767845,11.07395649,1
7.359535694,4.998708725,2
1.087995648,8.130289078,3
6.549413204,18.55701065,4
-4.339363575,1.74303174,5
4.029239655,-4.705525398,6
-3.636088371,17.02078247,7
-3.090176105,9.64012146,8
-0.387809366,4.098067284,9
16.16711235,9.95814991,0
-5.023131847,9.958509445,1
6.691243649,4.748678207,2
1.290580988,7.671029568,3
5.497004032,17.52233505,4
-5.883619785,0.398887038,5
3.69576931,-4.193839073,6
-3.746960402,16.51260948,7
-3.004486799,9.697381973,8
-1.469934821,4.530658722,9
16.2091713,9.358365059,0
-1.261907697,4.34059763,9
-4.324072838,1.38404882,5
-4.849135399,0.877560914,5
3.853470564,-4.175665379,6
-5.3034482,0.630715609,5
16.07743835,9.619661331,0
-1.45572567,4.035571575,9
-2.719371796,9.75390625,8
-1.225693107,4.271730423,9
-2.737863779,9.835320473,8
6.588599682,18.47867203,4
-4.293042183,9.97908783,1
-2.946836948,17.55579948,7
-2.995674372,17.38189507,7
-0.185261592,9.345574379,3
-4.450236797,1.794659972,5
-5.560404778,10.65170383,1
15.95751381,9.698831558,0
16.09797478,9.538203239,0
7.038086414,5.102010727,2
6.713101864,4.658186913,2
-3.251846313,17.3864212,7
-2.998529434,9.635509491,8
7.102798939,4.137490749,2
16.20828629,9.381420135,0
-5.325811863,9.788200378,1
7.23549366,4.759164333,2
3.103072643,-3.706221342,6
1.337590575,7.882091999,3
0.703124106,8.553943634,3
-2.886941195,17.40120697,7
1.030530334,8.561857224,3
1.215356827,8.222169876,3
6.578602314,18.81605721,4
3.580500603,-4.0872159,6
3.657613277,-4.512629986,6
3.748199224,-4.554429531,6
5.90154171,18.36496735,4
-0.686154366,3.801714182,9
-4.669239044,9.475034714,1
-5.79027462,0.90804404,5
16.24855614,9.367903709,0
-1.52069819,4.241182327,9
-4.502953053,1.689637542,5
7.157697201,4.790516853,2
-2.583334208,9.744381905,8
7.058898926,5.291732311,2
16.20965767,9.348176003,0
16.22969246,9.415939331,0
-5.133361816,9.944365501,1
-2.866447687,17.58589935,7
3.764644146,-4.017202854,6
0.755709767,8.764314651,3
7.02539587,4.50932312,2
-5.227659702,10.27527523,1
-2.91215086,17.80752945,7
6.172677517,18.33089066,4
3.491444349,-4.09748745,6
0.856227279,8.586565971,3
-4.733878136,9.588336945,1
0.971292019,7.63668251,3
-1.367974758,4.176699638,9
-4.609417915,9.527210236,1
-3.364349365,17.53231239,7
3.45742321,-4.087953568,6
-2.490275621,9.784881592,8
6.075003624,18.31638527,4
0.867649734,7.744431496,3
-4.634836197,9.517210007,1
6.214828014,18.61235619,4
16.01287651,10.21472359,0
-5.872054577,0.341515422,5
0.798281729,8.807825089,3
3.68330574,-4.477838516,6
-1.463376641,4.011064053,9
3.350863695,-4.0437994,6
-4.880618572,9.657207489,1
-2.806111574,17.48888206,7
-5.819200039,0.416390151,5
6.383115292,18.63557434,4
5.927726269,18.40432549,4
-3.650397778,16.61354256,7
7.110817909,4.020496845,2
-3.228742361,8.751800537,8
7.094329357,4.20425415,2
7.058647156,4.778008938,2
-5.983130932,0.666789234,5
-3.501328468,16.76936913,7
-1.525003314,4.186798096,9
-5.724265099,0.668456376,5
6.292831421,18.36935806,4
-3.006470203,9.772270203,8
-2.499070406,9.728800774,8
5.424472809,18.13738251,4
-1.025580049,3.643599749,9
16.26315498,9.43817997,0
-2.537051439,9.646876335,8
-1.6194911,4.122466087,9
-2.574660301,9.711819649,8
16.60569382,10.42140007,0
-6.541104794,11.59848881,1
7.587311268,6.034260273,2
0.981647789,8.095528603,3
6.740191936,18.97552681,4
-3.826095343,1.771437645,5
3.056644678,-4.191764832,6
-2.89855957,17.74627876,7
-3.071362734,9.28808403,8
-0.979399025,4.416271687,9
15.96921158,10.43357372,0
-5.237975121,10.24531841,1
7.692550182,6.098104,2
1.188442707,8.147438049,3
6.724839211,18.99331856,4
-4.140731812,1.575806975,5
3.13059926,-4.212872982,6
-3.918720245,17.24176979,7
-3.173025608,9.381522179,8
-1.26580894,4.052258492,9
16.10108376,10.54361725,0
-6.122373104,11.78854179,1
7.581544399,6.120570183,2
0.337791681,7.382525444,3
6.736628056,18.96486282,4
-4.521374226,1.751071095,5
3.253813505,-4.028162003,6
-3.67428565,17.39463615,7
-2.90790391,9.542838097,8
-1.348468065,4.115225315,9
16.70762825,10.73736191,0
-1.230319381,3.88154912,9
-4.589856148,1.597615719,5
-4.654030323,1.602271795,5
3.244990587,-4.094076633,6
-4.592482567,1.142502785,5
15.40723133,10.6989727,0
-1.053371668,3.917140245,9
-2.64075017,9.516709328,8
-1.320393085,4.466441631,9
-2.967370272,9.215914726,8
6.674481869,18.92145538,4
-5.305874348,9.722092628,1
-4.269488811,17.02669907,7
-3.387275696,17.33588791,7
1.042634249,7.659002304,3
-4.549215794,1.57305634,5
-5.295431137,9.824450493,1
15.70762825,10.54369736,0
15.68724918,10.59861755,0
7.599864483,6.138550282,2
7.646542072,6.210497379,2
-3.716175556,17.4782753,7
-3.054180622,9.443828583,8
7.707181454,6.209609509,2
15.85929489,9.875370979,0
-6.200265408,11.33064747,1
7.627607346,6.153929234,2
3.066545963,-3.739421368,6
0.684382021,8.41447258,3
1.119254112,8.050312042,3
-2.794561863,17.54432297,7
1.301294088,7.833492756,3
1.125357032,7.676701069,3
6.726601124,18.88378334,4
3.116772175,-3.669392586,6
3.08709693,-3.691544771,6
3.104393482,-3.954069138,6
6.323932171,18.75947762,4
-0.617353261,4.124711037,9
-5.044849396,9.925409317,1
-4.40591526,1.772800565,5
16.07918358,9.976791382,0
-1.21519506,3.975331306,9
4.097244263,-4.247978687,5
7.766071796,5.543781757,2
-3.072014093,8.985929489,8
7.733298779,6.276972294,2
16.29104805,9.705014229,0
15.91112518,10.53411293,0
-5.873497963,11.02139473,1
-2.958696842,17.354105,7
3.229212046,-4.16936636,6
0.874390483,7.848899364,3
7.704471111,5.84368515,2
-5.265142441,9.994535446,1
-3.274479866,17.98840141,7
6.330812454,18.73073959,4
3.234107494,-4.084870338,6
0.617322326,8.694726944,3
-5.325535297,9.83960247,1
0.770398676,7.602296352,3
-1.072681189,4.152913094,9
-5.199222088,9.843527794,1
-4.079741001,17.03646469,7
3.245992422,-4.16663599,6
-2.471893549,9.767531395,8
6.729961395,18.96211433,4
1.177449346,7.825056076,3
-4.931169033,9.607851028,1
5.959802151,18.33127213,4
15.83942986,10.54798412,0
-5.015208244,1.351801991,5
1.00796926,7.637634277,3
3.098721504,-4.019280434,6
-1.376705766,3.749071121,9
3.178877354,-3.689632654,6
-5.019980431,9.575494766,1
-3.388003588,17.81541443,7
-4.916660786,1.060997725,5
6.543672085,18.45750427,4
6.435296059,18.37851334,4
-3.907566071,16.75204468,7
7.629509449,6.105741978,2
-2.387776852,9.554895401,8
7.678459644,5.903976917,2
7.615412712,6.00011301,2
-4.328804016,1.777215123,5
-3.267890692,17.29276276,7
-1.38384378,3.871968269,9
-4.472606182,1.10349071,5
6.400745869,18.3012104,4
-3.285636902,9.417032242,8
-3.109325647,9.435285568,8
6.32250452,18.71848679,4
-1.356696367,3.68353653,9
15.5428896,10.6223526,0
-2.603704453,9.689068794,8
16.75664711,10.13365459,0
-6.417370319,11.59677792,1
7.977816582,4.531027317,2
0.134477556,7.395140648,3
5.287461281,17.38511848,4
-3.828746557,1.488597631,5
4.148837566,-3.509625673,6
-4.555772781,16.87317085,7
-2.52664113,7.87909317,8
-1.067868829,3.760651112,9
16.52026558,10.74589539,0
-6.514975548,11.68075848,1
8.039403915,4.514618874,2
0.213571757,7.339785576,3
5.652187824,17.2886982,4
-3.763055563,1.772292614,5
4.13864994,-3.484247923,6
-4.580641747,16.77739525,7
-2.476098299,7.899606705,8
-1.032037258,3.560050964,9
16.57022095,9.976874352,0
-6.301594734,11.48444462,1
8.06710434,4.651069164,2
0.274448544,7.622798443,3
5.471516132,17.4025631,4
-3.513127089,1.96904397,5
4.447452545,-3.570603371,6
-4.603275776,16.86255264,7
-2.461606979,7.934876442,8
-0.890361667,3.866941214,9
16.61761475,10.5073595,0
-1.00648129,3.821736097,9
-3.658740044,1.852661848,5
-3.751656771,1.795178652,5
4.122735023,-3.869781971,6
-3.761718035,1.833106637,5
16.52626801,10.4963274,0
-1.11096549,3.611324549,9
-2.709511042,7.918189049,8
-0.994309962,3.649505138,9
-2.606477022,7.94103241,8
6.070545197,17.85693359,4
-6.440094948,11.71326351,1
-4.457050323,17.04301262,7
-4.516688824,16.91023064,7
0.650274396,7.840975761,3
-3.524896145,1.610925317,5
-6.484489918,11.74775314,1
16.58063126,10.30702209,0
16.63790703,10.36149406,0
8.008953094,4.968391895,2
8.092243195,4.75161171,2
-4.451670647,16.74742699,7
-2.840803623,7.611323357,8
8.113972664,4.755609989,2
16.7636776,10.71635437,0
-6.541633129,11.70853615,1
8.134592056,4.704838753,2
4.141517639,-3.515414715,6
0.181353167,7.367535114,3
0.65244025,7.422502995,3
-4.466500759,16.89387703,7
0.3109065,7.384890079,3
0.893591225,7.645545483,3
5.582337379,17.29668427,4
4.382793903,-3.632442951,6
4.678964615,-3.86204505,6
4.151180744,-4.04926157,6
5.650212288,17.36914253,4
-0.778090715,3.913291693,9
-6.514047146,11.71525764,1
-3.807422876,1.849043965,5
16.5366478,10.76830387,0
-0.892148197,3.785092115,9
-4.406006813,1.710386992,5
8.110311508,4.742193222,2
-2.574794769,7.786691666,8
8.140717506,4.821997643,2
16.64001465,10.74002457,0
16.55194473,10.2497282,0
-6.552680492,11.75115013,1
-4.327191353,16.97383499,7
4.028781414,-3.413807392,6
0.504387558,7.534725666,3
7.752578735,4.100488663,2
-6.501338482,11.62694263,1
-4.372463226,17.06478119,7
5.776549816,17.39368439,4
4.121339798,-3.532856703,6
0.69029516,7.87230444,3
-6.262645245,11.50296688,1
0.742626846,7.760848999,3
-1.211147666,3.692181826,9
-6.504433155,11.71588135,1
-4.434626102,16.99592018,7
4.117074966,-3.73342371,6
-2.717988253,7.658555508,8
5.419677734,17.40354538,4
0.801510155,7.431112766,3
-6.483245373,11.7524271,1
5.540077209,17.37254143,4
16.64373589,10.41509914,0
-3.500715017,1.620687246,5
0.456366271,7.653418541,3
4.02017498,-3.713903189,6
-0.79807955,3.827200413,9
3.740694761,-4.104231358,6
-6.540824413,11.69049358,1
-4.672852993,16.77607727,7
-3.310285568,1.818426251,5
5.670126438,17.32564926,4
5.135813236,17.6594429,4
-4.508198261,16.77405167,7
8.040376663,4.894227028,2
-2.768987179,7.615740299,8
7.245849609,5.485673428,2
8.121934891,4.720407009,2
-3.968697786,1.740905046,5
-4.606853485,16.82728386,7
-1.137837887,3.923261881,9
-4.170200825,1.417805195,5
5.594339848,17.3064537,4
-2.773071766,7.62827301,8
-2.66521287,7.742919445,8
5.996192455,17.47130966,4
-1.152372956,3.484756947,9
16.50302887,10.00882435,0
-2.772279739,7.609443665,8
-1.111444592,3.534786463,9
-2.726739883,7.704566479,8
15.59363365,10.5699892,0
-5.217105865,9.830236435,1
7.398178101,5.224266529,2
0.720802426,8.657281876,3
5.401453495,18.31488609,4
-5.862568378,0.69381994,5
3.057058573,-4.232558727,6
-2.583869219,17.60169411,7
-4.984062672,10.07421875,8
-6.098454952,12.78669548,9
15.62453175,10.6877079,0
-4.795770645,9.540453911,1
7.762586117,6.181381226,2
1.122669339,8.397920609,3
5.469930172,18.30022621,4
-5.897508621,0.750430644,5
3.012198687,-4.245435715,6
-6.197135925,12.90222645,9
15.58828735,10.5042448,0
-4.698912144,9.480200768,1
7.810306072,5.789748669,2
0.615895092,8.690599442,3
5.215650558,18.07216072,4
-5.293030262,1.021861911,5
3.190466166,-4.836417675,6
-2.630339146,17.58101845,7
-3.474755764,9.784598351,8
-6.161603451,12.8729353,9
15.42142487,10.74975109,0
-6.190766811,12.88706779,9
-5.377504349,0.935934007,5
-5.936029911,0.361541897,5
3.045983076,-4.088083744,6
-5.895988464,0.690849364,5
16.11683273,10.4302578,0
-5.132929802,15.21503258,9
-2.941542387,9.411858559,8
-5.375419617,0.974688292,9
-1.891576529,9.184428215,8
5.543735504,18.14725876,4
-5.35304594,9.838512421,1
-3.380354404,17.66293144,7
-2.929437637,17.86196327,7
-0.199693739,9.375402451,3
-5.970384121,0.419788033,5
-5.072305202,9.649915695,1
15.44093323,10.81547737,0
16.1137085,9.951566696,0
7.799450397,6.352949142,2
7.785023689,5.039579868,2
-2.920623064,17.86914063,7
-2.941691637,9.47986412,8
7.755084515,6.28275919,2
15.76120949,10.73803329,0
-4.82096386,9.541666985,1
6.707396507,4.571290016,2
3.042662144,-4.208605289,6
-0.270630956,9.381629944,3
-0.260925472,9.418750763,3
-2.965354919,17.86601448,7
-0.194767803,9.427867889,3
-0.295673281,9.389475822,3
5.142406464,18.13537979,4
3.210710049,-4.586245537,6
3.126676559,-4.716519833,6
3.078948021,-4.249592304,6
-2.463691235,17.43261528,4
-6.127978802,12.89190769,9
-5.084944725,9.619906425,1
-5.897055626,0.540528893,5
15.47628117,10.81008148,0
-0.39429599,3.991400957,9
-4.867177963,1.350955606,5
7.751108646,6.224099159,2
-2.04660511,9.3221035,8
16.76786423,10.42934704,0
-5.161819458,9.656009674,1
-2.994160891,17.78861046,7
3.07200098,-4.185921669,6
0.590917528,8.670331001,3
7.312397003,4.215387344,2
-5.26252079,9.733043671,1
-3.241291046,18.01584053,7
-2.410137653,17.38950539,4
3.056065083,-4.57945776,6
0.78837347,8.671894073,3
-5.351606369,9.816602707,1
0.593966246,8.503767967,3
-5.076657772,15.31943607,9
-5.261262417,9.821454048,1
-2.937151432,17.78111076,7
3.317418337,-4.23601532,6
-2.118451834,9.245473862,8
5.670251369,18.20366096,4
0.704336107,8.623742104,3
-5.341721058,9.866891861,1
5.532285213,18.2218914,4
15.44454384,10.66799831,0
-5.38556242,0.947172165,5
0.783150434,8.526679993,3
3.119477034,-4.660745621,6
-0.458035409,3.789084911,9
3.238558292,-4.561414242,6
-5.30976963,9.846643448,1
-3.467140436,17.36265755,7
-5.384373665,0.549223125,5
5.47401762,18.28334427,4
5.097258568,17.93593979,4
-3.250561714,18.0017128,7
7.917656422,4.546334267,2
7.574754715,6.09016943,2
-5.84741354,0.781091392,5
-3.158798456,18.0196209,7
0.484963655,8.42901516,9
-5.353087902,1.011126518,5
-2.399356365,17.41367149,4
5.565594673,18.22301102,4
-5.509575844,0.859965265,9
16.08077812,9.919805527,0
-2.371490002,9.427821159,8
-5.086471558,15.30875492,9
-2.331674099,9.444660187,8
16.43247414,10.70000267,0
-4.229131699,9.417512894,1
7.882772446,4.974050045,2
0.131248772,7.806971073,3
6.655379772,18.33595848,4
-4.021431446,1.508794904,5
4.210976601,-4.625885487,6
-3.123989344,17.2628479,7
-2.145033836,9.324637413,8
-0.935242891,4.320222855,9
16.29514313,10.81464386,0
-4.160565376,9.759735107,1
6.695230961,4.622769833,2
0.03210042,9.136264801,3
6.026089668,18.4653492,4
-4.258886814,1.509526134,5
3.941071749,-3.692202806,6
-3.917086124,16.84546089,7
-2.5176723,9.639612198,8
-1.333549857,4.026006222,9
16.33178329,10.82298946,0
-4.337666988,9.333454132,1
7.003489971,4.993757725,2
0.139705926,8.052477837,3
6.088598251,18.43377304,4
-4.224154949,1.558434367,5
4.201110363,-4.321745872,6
-3.106630325,17.23200417,7
-2.217619181,9.177954674,8
-0.527254581,4.00783968,9
16.34461212,9.876461983,0
-0.89325875,3.728339672,9
-4.627208233,1.407551765,5
-4.203872681,1.271463156,5
4.323515415,-4.211501122,6
-4.577816963,1.199762344,5
15.47046947,10.49925327,0
-1.02383852,3.460161686,9
-2.315063238,8.737277031,8
-1.111186862,3.641376019,9
-2.587198734,9.659832954,8
5.923174381,18.42949677,4
-4.180614471,9.461935043,1
-4.521591663,17.09669304,7
-3.740351439,16.5334301,7
-0.092228703,9.280269623,3
-4.163470268,1.559454322,5
-4.248252392,9.805971146,1
16.20379257,10.66825867,0
16.38433456,9.77877903,0
7.759988785,4.129788876,2
8.009308815,4.65657711,2
-3.530561447,17.69826889,7
-2.669640064,9.656363487,8
7.773218155,4.157865524,2
15.72423553,10.62919331,0
-4.279867649,9.374510765,1
8.107230186,4.57999897,2
3.856842756,-3.794486046,6
0.085258834,9.138733864,3
0.013982216,9.181771278,3
-3.870826483,17.5078373,7
0.028617986,7.635040283,3
0.018217793,9.188380241,3
5.995195866,18.48163414,4
3.89282608,-4.991199493,6
4.292454243,-4.147531509,6
4.666724205,-4.282021523,6
6.634316444,18.41285515,4
-1.247476459,4.297107697,9
-4.03640604,9.728732109,1
-4.034212589,1.289726496,5
16.13018417,10.65803146,0
-0.925311923,3.938950777,9
-4.120804787,1.52972126,5
7.583509922,4.87949276,2
-2.229970217,9.161429405,8
6.765311241,4.76962328,2
16.14530563,10.10557175,0
16.31301689,10.87844849,0
-3.987650871,9.667267799,1
-3.369300842,17.96878242,7
3.835894823,-4.955681324,6
0.301857531,8.971101761,3
6.991209984,4.896606445,2
-4.47939539,10.11862278,1
-3.489489794,17.87901306,7
6.656795025,18.48556709,4
3.530041695,-4.863803387,6
0.57145983,8.709692955,3
-4.131770611,9.914694786,1
0.508423448,7.896122932,3
-1.257649302,4.249337196,9
-4.297575474,9.446723938,1
-3.644947767,17.28002739,7
4.124713898,-4.717656136,6
-2.769483328,9.278320313,8
6.49182415,18.71385193,4
0.101953454,8.055084229,3
-4.015079021,9.691788673,1
6.413763046,18.17585754,4
15.83131504,10.82711601,0
-3.791690826,1.473870993,5
0.545660496,8.131824493,3
3.376121283,-4.864356995,6
-1.302501559,4.23027277,9
4.089753628,-3.828669548,6
-4.063639641,9.746170998,1
-2.82972765,17.61252022,7
-4.223049641,1.627755642,5
6.597893715,18.31853676,4
6.649924755,18.71969414,4
-3.578081369,16.87135696,7
7.930953503,4.903373241,2
-2.170817137,9.116889954,8
8.124058723,4.816136837,2
8.105988503,4.642580986,2
-4.249795914,1.632484555,5
-3.31482935,17.95187569,7
-0.725037098,3.591187477,9
-3.76967907,1.515686631,5
6.581067085,18.57315826,4
-2.730247498,9.742094994,8
-3.876216412,9.866108894,8
6.239446163,18.31593895,4
-1.233356595,3.93377161,9
15.48933983,10.37197495,0
-2.805326462,9.108032227,8
-1.468243957,4.6110816,9
-2.207571983,8.95950222,8
