-12.4252066,-4.799584474,0
4.718425281,0.541199489,1
3.259443827,-5.308791724,2
1.63991913,2.803960037,3
-2.114838782,-8.585042956,4
8.227678005,4.848649094,5
-5.875942333,7.33338824,6
8.212876358,-9.755834264,7
2.712548935,-3.268742221,8
9.030475676,4.459027329,9
-12.02517122,-4.519085659,0
2.835550287,-9.929127069,1
-5.556943624,1.206393661,2
0.46746353,1.495733512,3
-2.380874448,-9.550053826,4
7.547293173,10.55173248,5
-4.972390927,7.136172728,6
10.34806596,-9.510516981,7
3.601688124,-1.967207199,8
8.972174797,5.317354581,9
-10.71718158,-3.564381326,0
3.411243387,-10.10300585,1
-5.897826211,0.649097592,2
-0.302860895,1.349113687,3
-2.11043887,-9.007873432,4
7.841672638,10.13285321,5
-5.863442912,7.448159351,6
10.68615311,-10.63199429,7
3.347524834,-2.582660278,8
8.900637557,5.325748894,9
-11.46282968,-4.872653133,0
8.972511081,5.32487775,9
6.172837224,11.50988081,5
7.09658733,11.19674939,5
-5.19203863,6.973329575,6
7.05471505,11.12819407,5
-10.6093333,-4.097243513,0
8.801067594,5.531644174,9
4.168273111,-1.997261611,8
8.454317298,3.810320812,9
3.189719213,-2.207826715,8
-2.381297084,-9.745318474,4
2.967161697,-10.06205049,1
10.49100718,-10.35217254,7
8.13319897,-9.724339331,7
0.204183083,1.617611075,3
7.478338821,10.91205246,5
3.190710235,-10.46315378,1
-12.50742046,-3.998058189,0
-11.91124969,-3.086396438,0
3.28394767,-5.309957592,2
3.31156507,-5.356450471,2
10.59039356,-10.5070922,7
3.682428857,-3.306033154,8
3.250195746,-5.322760283,2
-10.46716242,-3.455748101,0
3.269820654,-10.23398487,1
3.280004526,-5.325676649,2
-5.651639388,7.524346627,6
0.786767715,1.084297082,3
0.181233631,1.510925562,3
10.39386831,-9.798975517,7
0.075052499,1.322736718,3
0.124038056,1.185137592,3
-2.39006272,-8.904043337,4
-5.029922813,7.811424844,6
-5.7305551,7.355867365,6
-5.640755451,9.04459499,6
-2.072823334,-10.17997883,4
6.961476512,-6.705429145,9
3.348536021,-10.3933156,1
6.149288723,11.58623918,5
-10.77820535,-3.254315854,0
8.48012633,5.065219798,9
6.203580825,10.78144026,5
3.36030674,-5.365609294,2
4.191473768,-2.628018336,8
3.201456622,-5.457621978,2
-12.36222353,-2.892944303,0
-11.93241023,-3.1982041,0
3.243526128,-10.18608258,1
8.620100126,-9.977561567,7
-5.848018162,7.350086072,6
-0.124169532,1.167883099,3
-6.90518569,-0.174994071,2
3.015996766,-10.27822932,1
10.88060472,-10.66209044,7
-1.951225828,-10.90500556,4
-5.483599957,7.187200582,6
0.00633905,1.265028321,3
2.911568171,-9.94965211,1
0.263891121,0.917272113,3
8.043975832,3.638420432,9
4.43354311,0.395492274,1
10.13205009,-9.251125606,7
-6.110080333,7.058293285,6
4.066917786,-1.959230366,8
-2.178199468,-9.082082785,4
-0.055576354,1.058919617,3
4.443069646,0.23854758,1
-2.1749859,-8.872434751,4
-11.04131212,-3.147715003,0
6.471584866,10.74803394,5
1.762573188,-0.401279792,3
-5.790571894,7.659361111,6
8.819492391,5.071079445,9
-5.831286472,7.072174756,6
2.943421981,-9.68916251,1
10.44154707,-9.897067215,7
7.604943458,10.42243913,5
-2.129286605,-10.41419314,4
-2.061570532,-10.18543304,4
9.207282385,-9.493742863,7
-5.576129309,0.371855403,2
3.922139245,-3.040357858,8
3.2987575,-5.244691924,2
-5.175665182,0.248901236,2
7.995185864,11.00373707,5
9.697118387,-9.700102322,7
9.233638878,5.1332685,9
6.849121758,11.06320748,5
-2.120513568,-10.792942,4
3.453388153,-1.981582531,8
3.525090746,-2.726006156,8
-2.264317299,-9.872270594,4
8.319211946,4.387797163,9
-10.7980363,-3.378612812,0
4.074550705,-1.562184391,8
8.746064328,3.079389174,9
4.515278843,0.059430771,8
-12.26157617,-3.704083856,0
3.857210116,-9.522881578,1
-6.832068869,-0.514260392,2
-0.132226513,1.071236838,3
-4.621351741,-11.38978053,4
8.431523362,10.50876108,5
-4.664179067,9.169145069,6
9.522592554,-9.39680519,7
3.112767806,-2.788019686,8
8.858809889,4.900160416,9
-11.25576835,-3.65250214,0
3.014000483,-9.562636807,1
-6.382159923,-0.819503875,2
-0.098610375,1.434722341,3
-4.749442483,-11.26072225,4
7.662992429,11.25742153,5
-3.973896164,7.507013932,6
9.491485529,-9.325196628,7
2.95331907,-3.378151209,8
8.250341952,4.713371792,9
-11.21632515,-3.074347241,0
3.284038146,-9.464316445,1
-5.487063998,0.288978673,2
-0.189226244,1.103174312,3
-4.69625581,-11.32298804,4
8.861296729,10.14358237,5
-5.397898966,7.318313856,6
8.881534888,-9.011520922,7
3.472990431,-2.705400017,8
8.554143509,4.816879628,9
-10.69731862,-4.109591569,0
8.68949348,4.933807193,9
7.948581306,10.97759257,5
8.720815741,10.33359535,5
-5.573219414,9.241932701,6
8.523683766,10.32641667,5
-11.24417704,-4.365576236,0
9.657319505,4.636955771,9
3.102408756,-3.040644126,8
8.9766672,4.991566468,9
3.538397049,-2.620318882,8
-4.784767125,-11.23160585,4
3.53905779,-9.867042787,1
10.51285579,-10.50721154,7
10.82638349,-9.476446889,7
0.690819482,1.024531604,3
7.979969766,10.72782126,5
3.368299965,-9.515007836,1
-11.8737253,-2.981632604,0
-10.54271099,-3.386699768,0
-6.085138596,-0.349481238,2
-6.127812738,-0.69630694,2
9.191918362,-9.502362392,7
2.788850811,-3.1407205,8
-7.290375516,-0.049895527,2
-10.646399,-3.242098653,0
3.513686682,-10.03547884,1
-6.834952411,0.514893003,2
-5.430651183,8.647691553,6
-0.114211948,1.576442788,3
0.165822699,1.17331673,3
8.718055588,-8.841118896,7
-0.33837254,1.47598646,3
0.14111006,1.378624744,3
-4.570570077,-11.14884334,4
-5.284937176,7.333367864,6
-5.573632639,8.549115663,6
-5.250417473,9.109222718,6
-4.51003852,-11.14568329,4
8.515282222,4.456558453,9
2.747203805,-9.785079779,1
8.092961685,10.43980625,5
-11.29869256,-3.148685928,0
8.108701891,4.26809511,9
8.908649798,10.1894878,5
-5.212358857,0.131359501,2
3.476474746,-2.382374053,8
-6.075256312,-0.590461982,2
-10.35608591,-3.712296394,0
-10.90677677,-3.046053705,0
3.513539773,-9.809786417,1
7.835971614,-8.822349927,7
-5.628953952,8.755418517,6
-0.122920072,1.060924286,3
-6.565768462,-0.571735522,2
2.814482334,-9.645234229,1
8.790178306,-8.895401006,7
-0.156424419,0.988525776,3
3.23978896,-9.497673528,1
0.014031318,1.162516149,3
8.375156604,4.275295273,9
3.260387148,-10.10671858,1
9.671301165,-10.30534964,7
-5.291056655,7.111135182,6
2.896499136,-4.019281083,8
-4.796611784,-11.2710821,4
-0.183840138,1.104678843,3
2.876551926,-9.757347671,1
-4.75777135,-11.26752095,4
-11.87507111,-3.238349702,0
8.445518973,10.27181105,5
-0.270489416,1.414217353,3
-3.663263143,8.391951986,6
8.450805512,4.81766567,9
-4.109909669,9.579570473,6
3.26524301,-9.864798854,1
8.804687631,-9.067319897,7
8.513579064,10.39017284,5
-4.633719827,-11.41920166,4
-4.845319224,-11.28379148,4
8.879263092,-8.975743152,7
-7.35587464,-0.059488047,2
3.306834287,-2.921308148,8
-7.386214905,-0.116177331,2
-6.207609079,-0.450574808,2
8.373433716,10.33255162,5
8.250315629,10.54053746,5
-4.637261579,-11.36544538,4
3.21464438,-3.324827333,8
3.097264993,-3.170966921,8
-4.814706503,-11.33848121,4
9.192547795,4.310211771,9
-10.96743877,-3.252066452,0
2.942856986,-4.13719804,8
8.810492263,4.384353398,9
3.679518316,-3.123272213,8
-12.09023166,-4.596183362,0
4.834844442,-0.17820153,1
-6.264542414,0.07599832,2
1.673311416,2.87619508,3
-2.033677707,-10.34776003,4
5.200471232,11.73555942,5
-4.528591851,9.589717928,6
10.33091359,-10.49300268,7
1.704426569,-3.512145622,8
6.93456533,-4.865473807,9
-11.89290623,-3.645137804,0
2.589042346,-9.683208877,1
-6.383577865,0.015524982,2
1.083886511,2.135662146,3
-2.077908472,-10.3542315,4
7.954967635,11.25702113,5
-4.705269768,9.026810975,6
8.903571526,-9.666162998,7
4.429606164,-2.756761227,8
6.915082057,-4.871533997,9
-12.17865528,-4.451873501,0
4.881261578,-0.484824454,1
-6.385758959,-0.51738939,2
1.03812327,2.966970065,3
-2.451120961,-10.51313716,4
5.92209691,11.5782109,5
-5.465538083,9.297092011,6
10.93688066,-9.638368003,7
4.38776275,-2.816250185,8
8.435275301,3.637640038,9
-12.33310342,-4.556348173,0
9.38609503,5.022026316,9
5.693647454,11.79113243,5
5.06456411,10.89504165,5
-4.859708489,8.552585178,6
4.619857895,11.0583193,5
-11.86364668,-5.093842064,0
8.484845514,4.097794793,9
2.46846455,-3.910340331,8
9.497353998,4.450816795,9
2.203214878,-3.640594682,8
-2.708332071,-9.351559836,4
4.037351237,-0.359615983,1
9.10137999,-9.348195457,7
11.02773626,-9.42731421,7
0.546396711,2.230715133,3
5.442536207,11.89304027,5
5.065799625,-0.402167474,1
-12.5482633,-4.169963401,0
-12.76821904,-3.943496186,0
-6.877440794,-0.71538116,2
-6.277413507,-0.664339655,2
10.66260047,-10.42966239,7
1.171959875,-3.425470281,8
-6.140431059,-0.008366698,2
-12.61585285,-4.329138881,0
2.791528639,-9.673815594,1
-6.546861889,-0.108218435,2
-4.617337364,9.609994021,6
1.511179966,2.371533278,3
0.230546924,1.982847528,3
10.85149269,-10.18776861,7
0.907389398,2.520361042,3
1.095774699,2.177872554,3
-2.422315765,-10.18376189,4
-5.273349919,9.22647028,6
-5.170068561,9.053232051,6
-4.87240988,8.27240283,6
-2.653627263,-10.48081096,4
6.924501432,-4.848326875,9
4.527115655,0.032792852,1
7.245482241,10.41896177,5
-12.06580566,-4.432112957,0
6.901068841,-4.906994255,9
5.553390079,11.84007199,5
-6.165190701,-0.213562453,2
1.843966316,-3.540636536,8
-6.747556144,-0.807787627,2
-12.17728118,-4.358089656,0
-12.10149067,-4.541581863,0
4.999787605,-0.245655126,1
10.20513597,-9.361790727,7
-5.316617581,7.404522021,6
0.879211923,2.193478955,3
-6.441092237,-0.746205714,2
5.283189608,-1.10434952,1
10.18861521,-9.271932659,7
-2.27041548,-10.36787193,4
-4.688634043,9.657892285,6
0.691500638,1.84410588,3
5.130990695,-0.038593312,1
1.554705776,2.350766762,3
6.936076066,-4.869683653,9
4.706225113,0.500162916,1
9.235514242,-9.178370895,7
-4.635323341,8.398392785,6
3.23032206,-2.902285498,8
-2.997755959,-9.13784859,4
1.76136368,2.511555221,3
5.261115289,0.683707664,1
-2.136646186,-10.77872309,4
-11.86924567,-3.564969746,0
5.14213282,11.69376585,5
0.833517897,3.00329719,3
-4.934454654,9.201973406,6
6.934634356,-4.873168944,9
-5.339876454,9.015297486,6
4.072336855,-0.384989694,1
9.13585334,-9.139571981,7
6.470518792,11.31215921,5
-3.330408654,-8.682184023,4
-2.265309561,-9.649854735,4
10.13647753,-9.406615616,7
-6.197061979,-0.277269774,2
2.071995424,-3.518304301,8
-6.705589821,-0.800129996,2
-6.427669163,-0.132389072,2
4.920478975,11.22458721,5
10.68307838,-9.769142689,7
14.6003533,3.274378771,9
8.564368991,10.62218949,5
-2.562621224,-10.35185605,4
1.678015205,-2.913994699,8
1.967953126,-3.710670199,8
-2.256512661,-9.80176073,4
14.56935136,3.270282474,9
-12.0661227,-3.457965946,0
4.291157412,-2.875482839,8
6.962097729,-4.84670575,9
0.615950254,1.742063504,3
-11.78762974,-3.122427911,0
4.174641399,-9.753253936,1
-5.842201658,1.095750384,2
0.608727204,2.120900387,3
-4.578161891,-11.23585818,4
6.357581988,11.77225407,5
-3.658878141,8.383538848,6
12.07307882,-7.686798225,7
1.426724727,-3.43326833,8
8.264226044,3.315391917,9
-11.65672821,-3.365799752,0
3.708177421,-10.29944985,1
-5.753095128,1.63383816,2
1.882877834,3.269436672,3
-3.973234492,-10.64743372,4
6.851783286,11.57760171,5
-3.509446451,8.274013788,6
12.08959241,-7.661767327,7
3.457207537,-2.617088585,8
9.773139827,4.479416931,9
-11.36706961,-3.111879791,0
3.542935589,-10.2670539,1
-6.596647895,0.886723171,2
1.252016936,3.538755066,3
-4.539768807,-11.07783723,4
6.676300261,11.64826533,5
-3.50902822,7.915368094,6
12.05669432,-7.701688824,7
0.606075342,-3.690375478,8
9.724623399,4.528224894,9
-11.0827148,-3.956231417,0
9.775819036,4.186078039,9
5.953872836,11.95641763,5
6.611435468,11.62053906,5
-3.301229641,8.080656151,6
8.019785107,3.38241713,5
-11.66793263,-3.410815175,0
9.776937102,4.143572157,9
2.509623643,-3.108288334,8
9.343075248,4.202650899,9
1.875654629,-3.069950037,8
-4.256047196,-11.19667837,4
3.601235836,-10.05229792,1
12.18456111,-7.56228366,7
11.7604064,-7.996863558,7
1.849709293,3.359717232,3
6.72896326,11.65470959,5
3.621199479,-10.39310751,1
-12.08883773,-3.163873195,0
-11.42935807,-3.006737114,0
-5.709861073,1.572002889,2
-6.111240508,1.05773173,2
12.10183835,-7.647210349,7
0.955026289,-3.516453868,8
-5.886329525,1.308950953,2
-12.69196398,-3.706887865,0
16.41566286,-3.326808306,1
-5.638817556,1.683387983,2
-4.223277302,9.02177914,6
1.530725315,3.263102247,3
1.940346594,3.349825242,3
12.21387365,-7.560342336,7
1.607657149,3.417905218,3
1.947416406,3.161110935,3
-4.279995595,-10.90929211,4
-3.436889252,7.914106391,6
-3.564981986,8.30194632,6
-3.396236286,7.912685857,6
-4.546209353,-11.10447928,4
9.07057246,4.040393135,9
3.610169231,-10.11036472,1
5.651887469,11.83484935,5
-11.26989109,-4.275049817,0
9.94794761,3.993842695,9
6.431292892,11.52328332,5
-6.029175058,1.200673366,2
1.959438719,-3.147341467,8
-6.456481299,0.725729271,2
-12.3619051,-3.927929082,0
-11.66845428,-3.000542005,0
3.474083221,-10.41017237,1
12.25934661,-7.500267655,7
-4.914344933,7.759031602,6
1.971605149,3.206375712,3
-6.950377051,0.792333321,2
3.312577579,-10.33009265,1
11.86431678,-7.905499851,7
-2.184900026,-9.087579678,4
-3.41014889,7.744801037,6
1.767385538,3.152823149,3
3.01696717,-10.07132543,1
1.91248426,2.985909335,3
9.438768668,4.006461413,9
3.731679008,-10.16361992,1
7.101760521,-5.006521737,7
-3.382967676,7.956120409,6
1.95822648,-3.571145029,8
-4.167369141,-10.65864129,4
1.833475132,2.917590343,3
3.620502187,-10.30331941,1
-4.325799704,-11.10488237,4
-11.62613217,-3.243377774,0
6.144703217,11.82207028,5
1.897805993,3.083498422,3
-3.519535167,7.929377546,6
9.987884804,4.111883395,9
4.552150714,-2.644892304,6
3.562937645,-10.20637525,1
12.07217149,-7.690450272,7
6.669853896,11.54760887,5
-2.230504644,-9.243213955,4
-4.396744152,-10.97457223,4
12.12036624,-7.623685749,7
-6.913161189,0.383706513,2
1.558943863,-3.541647965,8
-6.570620344,0.872043757,2
3.278650438,-5.327572714,2
7.82026467,10.42379925,5
11.88059966,-7.87205268,7
9.524600959,3.950872128,9
6.746927426,11.65168043,5
-2.219355571,-9.163016922,4
3.00314902,-2.973166282,8
3.271962981,-3.041144223,8
-4.634435597,-11.23518838,4
9.006532294,3.279625056,9
-12.02829352,-4.032569497,0
1.693173964,-3.384457097,8
9.487882233,3.945478049,9
1.860105721,-3.193076208,8
-11.54262803,-4.325692728,0
16.31964929,-3.150138169,1
-4.943847972,1.849482154,2
1.33521482,4.896238247,3
-3.458690209,-10.75318312,4
5.43776223,11.8935862,5
-4.793761927,7.892711757,6
7.819931639,-8.868692556,7
3.026205728,-4.314527026,8
9.965429623,3.72387682,9
-12.9213445,-4.137569735,0
16.53602817,-3.411818547,1
-5.132086616,0.970802226,2
1.282052344,4.927899682,3
-3.160848526,-10.83706064,4
4.719702518,11.50601185,5
-4.331249338,8.799649003,6
8.280187309,-9.903817784,7
2.740667692,-4.461389194,8
9.61362538,3.595370574,9
-11.62819178,-4.613897094,0
16.64454542,-3.4918199,1
-5.137920947,1.216763503,2
1.249001608,4.895406265,3
-3.702820413,-10.26237187,4
5.156325576,11.75000976,5
-4.458184202,8.424225677,6
10.85033373,-10.48967773,7
2.514505237,-4.419618834,8
9.995464631,3.926171525,9
-11.5766702,-4.412607276,0
3.469911323,-2.861514961,9
5.776532865,11.66846818,5
4.597833169,11.48618742,5
-4.861936032,7.986016574,6
4.862526961,11.69031456,5
-12.75973769,-3.453665812,0
8.771694641,3.139403917,9
2.868650697,-4.347413982,8
10.00512918,3.798137828,9
2.606748474,-4.707105584,8
-3.396475836,-10.44245952,4
16.67794301,-3.507557206,1
9.924328865,-9.871627849,7
8.622518054,-10.00944446,7
1.286724868,4.9468772,3
5.139608404,11.67540449,5
16.68188479,-3.34368711,1
-12.00381579,-3.981039981,0
-12.74259943,-2.950767288,0
-5.030639713,1.140829066,2
-5.077094394,1.093903794,2
7.940431258,-9.248010893,7
2.684198066,-4.70917702,8
-5.182577991,1.324373887,2
-12.13819859,-4.409953226,0
16.7426205,-3.52532774,1
-5.036880404,1.109971834,2
-5.062982592,8.059972976,6
1.34618767,4.917004328,3
-0.260048657,2.20121803,3
10.69492512,-10.49935143,7
1.239035735,4.969927075,3
1.294681609,4.959652152,3
-3.300718939,-10.50405825,4
-4.741931735,8.476920526,6
-4.83585456,7.882027202,6
-4.44355081,8.689175157,6
-3.287092792,-10.78194558,4
9.120741713,3.340447954,9
16.57091722,-3.432353874,1
5.337768976,11.60081984,5
-11.19223942,-3.849117328,0
9.283140543,3.807348955,9
4.703437375,11.69619954,5
-5.298724261,1.621206095,2
2.636685361,-4.723559329,8
-6.314095445,0.198434173,2
-12.69377838,-3.795433915,0
-11.48396308,-4.397314354,0
16.60442995,-3.356457114,1
8.403549376,-9.692627715,7
-4.762696369,8.275541638,6
1.340700393,4.956286548,3
-6.83220847,-0.042838496,2
16.50848974,-3.310304451,1
8.436035199,-9.955263977,7
-3.562085391,-10.7124313,4
-5.219997468,8.027527198,6
1.281140637,4.941059511,3
16.64175569,-3.401078326,1
1.319954414,4.911638215,3
9.933573389,3.830721446,9
16.44760684,-3.266457833,1
9.243531783,-9.578193772,7
-4.777094433,7.817298415,6
2.719547208,-4.571392399,8
-3.525196531,-10.54727914,4
1.291969729,4.916435743,3
4.406931387,-0.858167391,1
-3.562890118,-10.56335454,4
-11.69329107,-4.842860996,0
4.700506816,11.71388262,5
1.356235754,4.835896751,3
-4.992969627,7.827415068,6
9.999164654,3.897213061,9
-4.851568273,7.9556604,6
16.231355,-3.071940784,1
8.871071068,-9.796760522,7
5.418848736,11.75650832,5
-3.644014034,-10.47192987,4
-3.187122736,-10.21009565,4
8.248091299,-8.841564362,7
-5.132953126,1.037786648,2
2.639245267,-3.929618493,8
-5.895965028,0.072247008,2
-4.985985582,1.022429589,2
5.381016817,11.96060423,5
8.508441166,-10.00961673,7
9.30008434,4.528807768,9
4.858150861,11.63956571,5
-3.49441277,-10.85627477,4
2.871919995,-4.473454466,8
2.696009477,-4.733698736,8
-3.515499774,-10.64263968,4
8.966127305,3.382997984,9
-11.81152502,-4.29776341,0
2.621585537,-4.745665788,8
9.846164208,4.46057986,9
2.820093445,-4.463751654,8
-11.24696097,-4.494941238,0
4.696949324,-0.477761723,1
-5.602914221,-0.715404469,2
0.333441447,2.290439203,3
-4.662107088,-11.32512301,4
5.586013687,10.9890191,5
-5.50553906,8.977434739,6
8.67638094,-9.930606269,7
1.93818351,-3.410665957,8
14.56851153,3.276327185,9
-12.0370496,-5.211259699,0
4.077334266,-0.442080401,1
-5.538500183,-0.626641731,2
0.184041619,2.402334057,3
-4.443252178,-11.2284458,4
7.842814769,10.08024128,5
-5.394938826,8.952727417,6
10.66929532,-10.56863208,7
3.273239447,-2.938019837,8
14.57290492,3.26145706,9
-10.77604962,-4.107658518,0
4.114782987,-0.276509138,1
-5.38861815,-0.630215801,2
0.771341704,2.147499471,3
-4.19510442,-11.18828646,4
8.007598731,10.14659265,5
-5.307782164,9.165493573,6
11.08797226,-10.86958263,7
2.092572768,-3.543369422,8
14.56779365,3.103948206,9
-12.08983865,-4.680757317,0
14.53073706,3.195726615,9
5.630131793,10.87511258,5
7.847891862,10.21525618,5
-5.314096581,9.21293681,6
7.8322745,10.13436562,5
-11.51787869,-3.30859181,0
14.46687205,3.281288937,9
3.200292221,-3.409467469,8
14.56403618,3.197397919,9
2.027334717,-3.505541395,8
-4.354454167,-11.24805846,4
4.841206003,-0.767676535,1
11.05801792,-10.84343491,7
11.1372212,-10.84736995,7
0.156035102,2.272468391,3
7.933152629,10.21468372,5
4.760114188,-0.631300803,1
-10.79188011,-3.832576679,0
-12.06876503,-4.951808071,0
-5.18006639,0.051966037,2
-5.400047548,-0.511264227,2
10.72157498,-10.67354593,7
4.079674056,-2.882472656,8
-4.920080216,0.03070774,2
-10.44560211,-3.739811702,0
5.259890299,0.072685908,1
-4.977088007,0.064436555,2
-5.595132398,8.992951422,6
0.089021962,2.526248355,3
0.311327755,2.23427205,3
10.77417299,-10.54586771,7
0.071155588,2.484929549,3
0.951567786,2.073455331,3
-3.204689343,-11.19458098,4
-4.844741266,9.639015952,6
-4.857907297,8.362403663,6
-4.975236849,9.616761556,6
-4.600474698,-11.27897752,4
14.46128607,3.085445787,9
4.412473844,-0.608050716,1
5.834974136,10.72665937,5
-10.71730248,-3.957527873,0
14.62064535,3.169988683,9
5.838494911,10.69442701,5
-5.311348936,-0.129308242,2
1.402881457,-3.480985252,8
-5.819933372,-0.622311057,2
-10.84215119,-4.210175779,0
-11.8269109,-3.867509502,0
5.31445581,0.116612739,1
10.80997008,-10.59181616,7
-5.18964302,8.963957864,6
0.224395984,2.295483374,3
-6.879777918,-0.913041831,2
4.252609824,-0.82524112,1
11.02629048,-10.99199802,7
-4.384037694,-11.1464846,4
-5.55069277,7.791253567,6
0.162828783,2.408792334,3
4.17583334,-0.68363521,1
1.672959887,2.4814525,3
14.53797563,3.102600316,9
4.258907332,-0.767316781,1
11.01541278,-10.48570914,7
-4.706940454,9.635202145,6
3.725146381,-3.143633939,8
-3.467213732,-10.77451804,4
1.632983499,2.438491282,3
4.387438103,-0.615730488,1
8.541734238,-10.0091042,4
-11.17515336,-3.832676688,0
5.609178545,10.84400096,5
0.90864699,2.007476639,3
-5.51637384,7.510252758,6
14.56001001,3.270779971,9
-5.555167037,7.548104942,6
4.697504009,-0.50989699,1
10.92965761,-10.72079595,7
7.956960026,10.44132415,5
-3.691902179,-10.40166624,4
-2.106821491,-11.04316367,4
10.96973955,-10.89900282,7
-5.544618404,-0.684416362,2
4.35200436,-2.690103983,8
-5.390374634,-0.612454265,2
-5.445467399,-0.660372724,2
8.129073661,10.12057252,5
8.78885119,-10.04293063,7
14.53606153,3.32592055,9
8.8007945,10.09012683,5
-3.630300931,-10.24401976,4
1.833946376,-3.517055138,8
4.105654384,-2.619739833,8
-2.199432633,-11.05993276,4
14.48936988,3.169148139,9
-11.19502321,-4.251190069,0
2.051046766,-3.602260377,8
14.42708199,3.352283707,9
4.079732954,-2.86413991,8
-12.80880633,-4.338913056,0
5.123376315,0.937686534,1
-6.813938808,-0.735376993,2
1.736130116,2.257476107,3
-3.817998261,-9.981178672,4
7.788408342,11.03783461,5
-3.37322312,8.700159887,6
10.19250844,-9.55725634,7
1.387767519,-2.540750104,8
9.24510884,4.687020217,9
-12.98986715,-3.320388829,0
5.233673201,0.7799417,1
-6.646478875,-0.415039528,2
1.46013235,2.234572723,3
-3.878960974,-9.985422237,4
8.877964351,10.24690361,5
-3.33717628,8.791654579,6
9.047606388,-9.594287816,7
3.190626547,-10.51588971,8
9.007759472,3.227117678,9
-12.65535813,-4.517421936,0
5.281408849,0.201680965,1
-6.982311713,-0.777347121,2
1.217385653,2.585010768,3
-3.615920669,-10.22143166,4
8.673278264,10.38198521,5
-3.36358627,7.93222869,6
8.931989298,-9.363375198,7
4.164064871,-2.984389708,8
9.816685358,4.50666139,9
-12.65242045,-4.176273764,0
8.886953461,3.282796178,9
7.686029292,11.38644471,5
8.22945004,10.32614881,5
-3.872878891,9.536864983,6
7.87355773,11.11728886,5
-12.40719108,-4.243295142,0
1.393245909,4.937146099,9
1.189771594,-3.220185887,8
8.890793042,3.39857408,9
0.712302905,-3.577567632,8
-2.960429415,-9.040488007,4
4.565063902,-0.991086244,1
8.602022698,-9.060025808,7
10.30044804,-9.611008215,7
1.166808515,2.22414132,3
7.787612994,10.92166931,5
4.521950197,-0.610318555,1
-11.57798383,-4.001128367,0
-11.89870429,-4.32508893,0
-6.10187828,-0.524363007,2
-7.348407847,-0.162220546,2
8.669995078,-8.809279779,7
0.663849796,-3.678726113,8
-6.827048652,-0.887022845,2
-11.28874952,-4.781025886,0
16.63439616,-3.482625549,1
-7.027541103,0.625538888,2
-5.330475962,7.238324053,6
1.332197926,2.134997535,3
1.143107505,1.959083108,3
9.500124054,-9.685463713,7
-0.048133643,1.824321243,3
0.573948129,1.276518885,3
-3.716867014,-10.23087148,4
-3.684443059,8.052618921,6
-4.05917696,9.531979227,6
-3.333142053,8.589383325,6
-3.814234984,-10.12351446,4
9.726315174,4.609916412,9
5.098517892,-0.752782791,1
7.771031929,11.26813409,5
-10.76887753,-3.980896669,0
8.78840537,4.084426245,9
7.730225432,11.14554486,5
-7.01299541,-0.762412918,2
3.365680255,-3.229035117,8
-7.289281423,-0.221269042,2
-10.45630442,-3.900484872,0
-12.45077257,-4.019638015,0
3.953016994,-0.164919814,1
9.501962714,-9.50251065,7
-4.38924137,9.12396521,6
0.6995138,1.998235733,3
-5.261263585,0.344393968,2
4.772951442,-0.281860662,1
10.09522576,-10.43292977,7
-2.725114443,-8.475220211,4
-3.310560971,7.993962821,6
1.581747396,2.617523607,3
4.622024739,0.103593105,1
1.20528196,2.614150599,3
8.844004004,3.136849543,9
4.486925412,0.22025419,1
8.762754179,-8.942268751,7
-3.850365341,9.372479688,6
1.518937272,-2.416225554,8
-3.796708822,-10.01957957,4
1.515549669,2.666250909,3
5.166898452,0.397814037,1
-3.478820419,-8.402587437,4
-12.36294922,-4.642294837,0
7.497557833,11.28923955,5
0.746485432,1.535030468,3
-5.251002199,6.901666,6
9.601737991,4.771386537,9
-5.15105134,9.359434738,6
5.220847408,-0.443692546,1
9.512612528,-9.522448843,7
8.604616272,10.39766989,5
-3.760394428,-10.156747,4
-2.608035701,-8.996066442,4
9.590255049,-9.547819841,7
-7.22798023,-0.479181496,2
0.422272618,-3.720022925,8
8.185306004,-6.815923101,2
-5.474239261,-0.737133739,2
7.384672468,11.36360729,5
7.875085008,-9.1339723,7
8.879495545,3.24197592,9
8.675704922,10.42698595,5
-3.817139197,-9.847346947,4
0.541071235,-3.67133332,8
2.099868256,3.231293037,8
-3.35592225,-8.439508536,4
9.134923702,3.38866758,9
-11.72473381,-3.963346294,0
0.441854757,-3.610429807,8
8.608869839,3.45107483,9
1.693259648,-2.209617714,8
16.67610866,-3.529665714,1
-6.145166787,0.123654539,2
1.090891101,3.352760678,3
-2.356981405,-8.727670471,4
5.241288197,11.49588695,5
-5.151857246,9.35329717,6
10.9778864,-8.899937988,7
2.141146527,-3.008403187,8
9.33089308,5.09635486,9
-12.9504922,-3.866080943,0
16.67051044,-3.574245608,1
-7.310332684,0.168178131,2
1.434094255,3.070232093,3
-2.21930522,-8.580878292,4
4.635822908,11.63630331,5
-5.238003675,9.488659712,6
10.70840143,-8.893800123,7
1.83951914,-3.154904273,8
9.444145296,4.655174173,9
-12.82453194,-3.798771618,0
16.7353326,-3.58012421,1
-6.001519523,0.406120494,2
1.595549734,3.138102989,3
-1.827175841,-9.154781702,4
4.366709677,11.18869194,5
-4.819745874,9.6543801,6
11.01018136,-8.989623823,7
1.890804665,-3.122975998,8
9.388777991,4.937710844,9
-12.31862639,-3.54303085,0
8.730392734,3.696127748,9
4.338889002,11.14504131,5
4.967995694,11.63804468,5
-4.604170831,9.046059956,6
4.361861162,11.1814221,5
-12.96134721,-3.79335057,0
9.506829323,4.406352551,9
1.904035862,-3.182887905,8
9.105413523,4.591529107,9
1.646920448,-3.27781495,8
-1.557203285,-10.15821721,4
16.22011226,-3.10099793,1
10.43181694,-8.881077521,7
11.03224461,-9.175937353,7
1.443860518,3.224660853,3
4.238867457,11.0510463,5
16.35140048,-2.995891364,1
-6.160367065,0.878579558,2
10.56693544,-8.928719265,7
1.501975776,-3.10718319,8
-5.2547041,1.738978062,2
-12.63942772,-3.808157,0
16.44354737,-3.316186901,1
-5.555542134,1.260424589,2
-5.175107583,9.344532245,6
1.298704059,2.981961158,3
1.338539083,3.146913832,3
10.67931093,-9.000776114,7
1.022426723,3.548727814,3
1.396837191,3.506871107,3
-1.626517054,-9.522643065,4
-4.569081568,8.926628273,6
-4.681103887,9.257167908,6
-5.017471897,9.336920143,6
-1.780021146,-9.15874674,4
9.473467097,5.086548371,9
16.19491818,-3.069457334,1
4.99209617,11.69404754,5
-12.9734455,-3.781920092,0
9.339124044,4.969713528,9
4.5670082,11.2869958,5
-5.263906525,1.708153513,2
1.965956424,-3.495697743,8
-5.271027824,1.64652708,2
-12.90560502,-4.206949614,0
-12.62672128,-3.553299311,0
16.30357643,-3.115404048,1
10.30271223,-9.461121197,7
-4.85899768,9.433686143,6
1.023762955,3.566213387,3
-6.512518454,0.770026261,2
16.6828842,-3.524193951,1
-3.509034129,-8.239542969,4
-4.60265594,7.999326252,6
1.012734248,3.31004121,3
16.34986643,-3.199823579,1
1.147305574,3.529017847,3
9.558862215,4.807450987,9
16.23146539,-3.066340126,1
10.72045017,-8.894275178,7
-4.391445831,8.682815711,6
1.036282388,-3.426982608,8
-1.55209902,-9.527207466,4
1.346789505,2.734483957,3
16.1941717,-3.026244612,1
-2.008255064,-8.61217369,4
-12.77952643,-3.980351094,0
5.775665344,11.80485779,5
1.326907169,3.356991895,3
-4.648333622,9.483649512,6
9.307985953,4.732391858,9
-4.099111058,9.489672345,6
16.47276355,-3.515356738,1
10.92304691,-9.004833656,7
4.311958146,11.24745671,5
-1.988302373,-8.935543047,4
-1.471016018,-10.20047306,4
10.3469176,-8.918730392,7
-5.424682183,1.055377172,2
2.023914347,-3.074054569,8
-5.19557405,1.845252832,2
-6.448393516,0.888620063,2
4.328603055,11.18252083,5
10.75473795,-8.972605637,7
8.799735,3.951253556,9
4.817135038,11.22316243,5
-1.50809552,-10.42590505,4
-1.68198864,-10.52564198,4
9.340430116,5.417064142,9
-13.00045191,-3.813866625,0
1.21694596,-3.386160026,8
9.337321172,4.527177639,9
1.877274285,-3.425379843,8
-12.43807998,-4.734609288,0
4.733108275,-1.039941982,1
-6.81075604,-0.087749971,2
0.595415684,3.151749649,3
-1.546711683,-10.40092203,4
7.343037835,10.46878964,5
-4.798264277,9.543256166,6
10.05045292,-8.983386648,7
4.271135529,-3.040607855,8
1.997622193,2.579345283,9
-11.99016811,-3.171961536,0
5.020615237,-0.678727987,1
-5.619832996,0.489059811,2
0.605487544,3.213305627,3
-1.477457699,-10.30804524,4
6.597125235,11.18015281,5
-4.012958496,9.525083726,6
10.36934762,-8.958394864,7
3.63674058,-2.154366226,8
8.921004926,5.690033954,9
-12.19327291,-3.042043688,0
4.900116082,0.734017457,1
-5.232405588,1.76704895,2
0.220947199,2.90491455,3
-1.591132333,-10.19606964,4
5.503856662,11.82725339,5
-4.602352451,8.792283368,6
9.875087374,-8.972539785,7
2.663510057,-2.729263528,8
8.975285825,5.712465727,9
-12.59166182,-3.520424404,0
8.322277362,4.203674581,9
7.023696761,10.58545917,5
7.098226858,10.53304233,5
-5.003696792,7.175611834,6
7.441137881,10.43521382,5
-11.74700334,-3.049523928,0
8.994824947,5.639870623,9
2.415524153,-3.022439891,8
8.420683295,4.193828383,9
3.072195624,-3.157521591,8
-1.435714891,-10.07267511,4
4.655007962,-0.900647246,1
10.1406595,-8.880869523,7
10.3464342,-8.957143579,7
-0.062547067,2.597506171,3
6.207847711,11.43689244,5
4.472209092,0.232455994,1
-11.97265839,-3.014596679,0
-12.29968666,-2.986491612,0
9.935035254,-8.843703997,7
3.554153083,-1.963040741,8
-4.914540579,1.846005333,2
-12.73345442,-2.959656775,0
4.290853583,-0.422890257,1
-5.065139687,1.820733304,2
-4.897942937,7.722132744,6
0.104631227,2.902084816,3
-0.088245245,2.433561898,3
9.986473527,-8.665578602,7
0.249379713,2.851445237,3
0.199636024,2.780654291,3
-1.726210979,-10.50108338,4
-5.541499288,8.77089262,6
-4.417412363,7.81671233,6
-4.858584285,8.111522217,6
-2.068249528,-10.97851576,4
8.939669303,5.656246496,9
4.938783833,0.722279538,1
5.86560744,11.0970269,5
-12.7549717,-3.685685686,0
4.405452345,-2.4875999,9
7.894922347,10.27130681,5
-5.693651075,1.680997138,2
2.477609154,-2.837829151,8
-4.640279523,2.076049164,2
-12.74307528,-2.969192028,0
-12.73163957,-2.943553952,0
4.170523314,-0.067731497,1
8.474657308,-9.358413067,7
-5.624101433,7.567798851,6
0.377185958,3.038497347,3
-6.090686552,0.946169612,2
4.945494962,0.745975925,1
9.952095784,-8.63368825,7
-1.566719967,-10.42744842,4
-5.52152913,8.829728635,6
0.43568804,3.048767564,3
4.855036471,-0.905770541,1
10.60195648,-10.1073153,3
9.056166735,5.618456504,9
5.197890866,0.063465878,1
10.22367816,-8.862235057,7
-4.463837932,8.145279586,6
2.835401067,-2.695090336,8
-1.859627072,-10.66191473,4
0.336009002,3.151467051,3
4.549120618,0.241531846,1
-1.992793847,-10.22586795,4
-12.4612423,-4.673770558,0
6.804612914,10.65796874,5
0.276078494,2.932877418,3
-6.051146509,7.450035384,6
8.314962634,4.71047423,9
-4.547015728,9.161127964,6
4.425163304,0.192580673,1
8.13692433,-9.841651862,7
5.754231661,11.09249781,5
-2.227589653,-9.465096365,4
-1.595543082,-10.40364753,4
8.948131124,-9.116029872,7
-6.427131133,0.873019437,2
4.349203769,-2.641491113,8
-5.472921324,0.703377021,2
-4.98925278,1.910074575,2
7.38019867,10.46381671,5
9.941316227,-8.871177786,7
8.376868981,4.493905647,9
6.045611335,10.82355962,5
-2.098840371,-9.983432924,4
2.38298142,-2.957963866,8
3.045572832,-2.332565865,8
-1.870594002,-10.76391005,4
8.888755575,5.753444551,9
-12.45258654,-3.308251311,0
3.435347891,-2.289377237,8
8.37358626,4.466245364,9
3.161084714,-2.425427126,8
-12.25675368,-4.107424327,0
3.438472938,-10.39203693,1
-6.839748503,-0.474265565,2
0.562109659,2.978918948,3
-2.240416819,-9.934692577,4
5.438924524,10.71826156,5
-4.59917472,9.6731238,6
8.038057343,-9.426857992,7
1.755298336,-3.04929413,8
9.254455395,4.25358794,9
-12.17437617,-4.99810497,0
3.210838172,-10.52072979,1
-5.897375272,0.323002375,2
0.047603026,2.123922192,3
-2.551300199,-8.50643395,4
5.452670688,10.99333333,5
-4.948936146,7.883411179,6
9.823726839,-10.08220384,7
4.227029203,-2.170685698,8
9.236563748,5.125524488,9
-12.09887113,-4.681237266,0
3.98142613,0.337990591,1
-5.449954863,-0.549970533,2
0.058075394,3.032092957,3
-3.321440007,-10.30873524,4
8.691057567,10.38585045,5
-4.446525415,8.038093993,6
10.76677214,-10.6270708,7
4.079767648,-2.159432354,8
9.193806625,4.346872623,9
-12.00249307,-5.284553102,0
9.230072231,3.990525567,9
5.833216125,11.41882621,5
7.283541048,11.53234348,5
-4.506731669,7.998698534,6
7.792032944,11.01542297,5
-11.49477923,-4.987904835,0
8.96334253,3.752644848,9
4.144325275,-2.28088366,8
9.374775242,3.871349056,9
3.87629428,-1.995153514,8
-2.349910884,-8.461531268,4
5.095357464,-0.457138969,1
8.099681565,-9.057854422,7
8.155633322,-9.667642459,7
1.649938589,-0.274124488,3
5.699607278,10.87752051,5
3.400259649,-10.63424238,1
-11.47105565,-4.921231796,0
-11.61008211,-5.107677212,0
-5.403763839,0.268016483,2
-5.375688256,-0.597238467,2
8.590717199,-9.909760143,7
4.464535174,-2.966090513,8
-6.74317973,-0.843336937,2
-12.02075981,-5.231464703,0
5.030245043,0.967216754,1
-5.994433186,-0.117747796,2
-3.413699016,7.745837879,6
-0.130611346,2.587952706,3
0.874249694,1.251677669,3
7.96756216,-9.392149621,7
-0.438825134,1.40095104,3
-0.275406857,2.183476957,3
-3.151802665,-8.558779737,4
-4.361267296,8.0061652,6
-4.884836374,7.676043738,6
-4.886604906,7.760461541,6
-2.014197115,-9.582572057,4
8.408102953,4.746363424,9
4.341711946,0.10488709,1
7.937907774,10.11764087,5
-11.9899443,-5.264819479,0
8.501063411,4.293468514,9
5.79435873,10.9622042,5
-5.978917707,-0.070902564,2
4.06111977,-2.26159013,8
-5.255544058,0.372202161,2
-12.02557195,-5.267690699,0
-12.05676926,-5.263200615,0
5.169466199,0.701580592,1
8.161332782,-9.082191534,7
-4.308949529,8.288395481,6
0.567171121,1.032689799,3
-6.290282643,-0.492060881,2
3.90433817,0.439346513,1
8.130352517,-8.894009979,7
-2.507576492,-9.071753754,4
-4.301388601,7.819309028,6
0.103335204,1.393238781,3
4.443460212,0.074991288,1
0.693598898,2.662238704,3
9.260541602,3.836572051,9
4.359486578,0.089697232,1
8.904647198,-9.683231174,7
-4.305412091,7.886153685,6
3.5747784,-1.961402857,8
-2.572327814,-9.265116975,4
0.829451853,2.625162803,3
4.24880343,-0.024100506,1
-3.09164742,-8.965667096,4
-11.55713295,-4.221872451,0
8.764822755,10.39800733,5
0.24054,1.008619133,3
-4.682521722,7.703446909,6
8.409825105,4.150917066,9
-4.27031725,7.509347373,6
3.965886309,0.356968303,1
7.981565839,-9.231557566,7
8.658542511,10.43428009,5
-3.03037507,-8.78806796,4
-2.341513548,-9.523846857,4
10.54949593,-10.58034046,7
-6.883993812,-0.802565245,2
1.541505876,-2.40962163,8
-6.702980462,-0.816153141,2
-6.037383601,-0.240305807,2
8.708143633,9.966313729,5
10.27045888,-10.57861075,7
8.401029713,4.175209797,9
8.172800056,10.41220038,5
-2.557460424,-8.921843903,4
4.020131235,-1.693088199,8
3.522617132,-2.016258643,8
-2.384510635,-10.55324656,4
8.440938817,3.619875317,9
-11.99975112,-5.247560215,0
3.519135897,-2.039710206,8
8.404594443,4.077292113,9
3.6076845,-2.115642409,8
-12.26185293,-3.111871874,0
4.409601844,-9.790673687,1
-4.689892009,1.978459981,2
0.468690994,2.320723931,3
-3.450990307,-8.293824287,4
4.793873125,11.27330919,5
-4.473480967,6.927057067,6
8.005180318,-8.885762625,7
4.039321381,-2.935167612,8
9.433990262,4.556901099,9
-11.14506406,-3.741435641,0
3.94596348,0.49666735,1
-4.945999832,2.124677942,2
-0.209679602,2.313790338,3
-3.477298584,-8.2627585,4
5.410753579,11.23268372,5
-4.554276441,7.025402969,6
10.13331191,-9.74472423,7
4.171992613,-2.728660997,8
9.306664893,3.871960428,9
-11.49741729,-3.715561384,0
3.346632369,-9.465353157,1
-4.745209328,2.073874747,2
1.508867037,3.328602652,3
-3.45760074,-8.240793098,4
5.874175212,10.75161667,5
-4.182558453,7.527723726,6
9.473919797,-9.836929045,7
3.997150466,-2.338923178,8
9.330817315,3.853399457,9
-12.55921,-2.863508242,0
8.897740561,3.565341805,9
5.926197594,10.98537712,5
6.08502599,10.7902458,5
-4.201512056,7.352728567,6
6.186584198,11.58714837,5
-10.32049422,-3.821892963,0
8.697055993,3.782685803,9
3.466956432,-2.476143777,8
9.475303355,3.841392967,9
3.65420059,-2.963645734,8
-3.395362174,-8.293214217,4
4.797279229,0.774060134,1
10.62537574,-9.532168581,7
8.958469298,-9.886494398,7
0.484128161,2.873657547,3
6.026861767,10.9118897,5
5.194742672,0.907661524,1
-11.08563613,-3.918995478,0
-11.02451076,-3.833838389,0
-4.637853928,2.12998773,2
-4.707503402,2.195366114,2
9.520774437,-9.73909094,7
4.11010808,-2.718468456,8
-4.782134151,2.164461954,2
-11.39547421,-4.830243705,0
3.545004524,-10.13679898,1
-4.734845601,2.149426892,2
-3.520389091,7.706031251,6
0.585178028,1.326010014,3
0.376868784,2.328452961,3
7.837839409,-9.247075016,7
0.15140547,2.808425299,3
0.200634121,2.822338305,3
-3.372715706,-8.277878741,4
-3.31079422,7.864241333,6
-3.31358038,7.779217078,6
-3.700615216,7.719756665,6
-3.143699658,-8.796184908,4
9.54216642,4.938700538,9
5.218325972,0.619767133,1
5.717145897,10.71741481,5
-12.06463958,-4.587375214,0
8.833506877,3.802792841,9
-4.511467837,8.580597812,5
-5.649811018,1.527727822,2
3.38242772,-3.205864762,8
-4.816884663,2.238452871,2
-12.26179562,-4.83977332,0
-11.4374536,-3.725591448,0
3.208561903,-10.49485047,1
7.997761708,-9.535623902,7
-4.407733718,7.092933522,6
0.713155476,2.617246735,3
-5.214127773,1.485004909,2
5.002649402,0.759439792,1
8.607127624,-8.946568379,7
-3.158786618,-8.867572354,4
-4.182114131,7.308223466,6
0.817127659,1.041593812,3
5.181305375,1.00406586,1
1.01475714,2.648340325,3
9.767182838,4.375482295,9
4.884649198,0.709219036,1
10.47772199,-9.70329835,7
-4.460799033,7.224677839,6
3.460608105,-1.923593358,8
-3.45633498,-8.250099029,4
0.106934479,2.557032598,3
4.502930691,0.402004963,1
-2.402067495,-9.588121153,4
-11.08832461,-3.695650974,0
6.564574584,10.66032064,5
0.558299118,2.947767556,3
-4.340417676,6.966934516,6
9.009107564,3.461679193,9
-3.153607855,7.746360717,6
4.48950307,0.512414207,1
9.062218791,-9.172201251,7
7.000722451,11.02599084,5
-2.670438768,-8.545549768,4
-2.663069046,-8.651518149,4
10.56406729,-10.10274022,7
-4.808513316,2.068574987,2
3.060552022,-2.207387701,8
-5.168178642,1.883513325,2
-4.980702247,1.848526967,2
5.541755006,10.78107069,5
8.748038979,-10.11564662,7
9.088395835,3.52885685,9
6.08696392,11.56184266,5
-2.515629065,-8.777299389,4
4.289653114,-2.233255057,8
4.236687793,-2.537339877,8
-3.141090524,-8.809740653,4
9.082521845,3.286168879,9
-10.46093438,-3.694261234,0
3.755399939,-2.191799513,8
-12.83168346,-3.769408715,0
4.335082266,-9.778109262,1
-6.913757534,0.688395927,2
1.743244639,2.91195995,3
-3.680063642,-10.73195954,4
5.161479312,11.49870378,5
-4.142309323,9.555678916,6
11.09303463,-9.301945656,7
1.155538182,-3.394898593,8
8.783067338,3.66820265,9
-11.8721332,-3.245351989,0
4.228866243,-9.634065656,1
-7.087367156,0.67654379,2
1.643509343,3.215472175,3
-3.718644677,-10.39558281,4
4.858820916,11.28823119,5
-4.031850386,9.585369196,6
11.14372442,-9.424420792,7
1.165272934,-3.454582568,8
8.33193636,3.410257435,9
-12.79098865,-4.181708878,0
3.699451598,-9.94739109,1
-6.721464648,0.77060311,2
1.694109111,2.676619713,3
-3.433762784,-10.57913005,4
4.503605834,11.02772816,5
-4.485095866,9.661229831,6
10.99863738,-9.210837973,7
1.199963183,-3.367903644,8
9.042369292,4.402527753,9
-12.29018323,-3.269195359,0
8.494186902,4.045556638,9
4.85251309,11.33335299,5
4.861948205,11.3299151,5
-4.335840413,9.060585954,6
4.855597724,11.25901586,5
-12.36736167,-3.29675786,0
8.361675126,3.518141372,9
1.084671966,-3.602085278,8
8.426271779,3.773369249,9
1.29375327,-3.554233122,8
-3.043923233,-9.756611607,4
3.936134343,-9.598195354,1
10.72664011,-9.12481908,7
10.82427339,-8.969283069,7
1.007980882,2.575288934,3
4.806734439,11.81749414,5
3.966723578,-9.468114809,1
-12.32959314,-3.520129754,0
-12.4217216,-3.439129035,0
-6.189390039,0.871230388,2
-6.773516853,0.801690493,2
11.18917891,-9.488485408,7
0.643748663,-3.665828764,8
-6.704736202,0.772464757,2
-12.46142909,-2.860925147,0
4.323670946,-9.713444229,1
-6.809662043,0.777167696,2
-4.113572298,9.683290608,6
1.759262523,3.267683831,3
1.193589912,3.006383951,3
10.966785,-9.359831799,7
1.506235576,3.023075737,3
0.913921062,2.783224876,3
-3.748556802,-10.36527222,4
-4.505414938,9.558857116,6
-5.059616611,9.624337374,6
-4.61925347,8.852417872,6
-3.585034131,-10.37107903,4
8.87344024,4.606902948,9
4.352391907,-9.710209682,1
4.73660207,11.10168764,5
-12.2949027,-3.040830722,0
8.47316378,3.879300923,9
5.481302557,10.89634309,5
-6.713832478,0.83343901,2
1.044816698,-3.452455604,8
-6.672428808,0.86078,2
-12.38837895,-2.853764095,0
-12.43736014,-3.557993006,0
4.208322933,-9.581481232,1
10.6258416,-9.506128938,7
-3.986609976,9.530431891,6
1.383193385,2.876678158,3
-7.41541894,-0.060223346,2
4.323474288,-9.743013828,1
10.58819925,-9.302941109,7
-3.595596951,-10.18668572,4
-3.973638538,9.440911589,6
1.175807631,2.157402574,3
3.897472399,-9.751038888,1
1.039307899,2.627482149,3
8.538305864,3.512432838,9
4.110871018,-9.63883207,1
10.85265628,-9.120974595,7
-4.269445292,9.167895461,6
0.869447018,-3.585996284,8
-3.423559842,-10.60922936,4
0.890831911,2.965010881,3
4.168933516,-9.565572727,1
-3.502282586,-10.58805565,4
-12.42638805,-3.182855113,0
4.783063492,11.67818562,5
1.370963484,2.701187679,3
-4.083984112,9.267009091,6
8.973211277,4.474237793,9
-4.463353823,8.196484731,6
4.421167138,-9.770347433,1
11.15959126,-9.030729882,7
4.465184358,11.36583758,5
-3.668527037,-10.43799299,4
-3.207145669,-10.83337617,4
11.09337434,-9.330117863,7
-6.382204906,0.828382913,2
0.697242099,-3.637763217,8
-5.260109923,1.424401704,2
-6.797013941,0.764023354,2
4.978370795,11.15078899,5
11.1813926,-9.153363352,7
8.947466177,3.846056222,9
5.532358987,11.25771746,5
-3.694662575,-10.42546791,4
0.559166325,-3.720344239,8
0.698983975,-3.641550336,8
-3.94285862,-10.3042807,4
8.144833038,3.282550076,9
-12.41598998,-4.124479819,0
0.591856075,-3.6898209,8
8.316542999,3.334407278,9
0.653270783,-3.734510052,8
-10.76236969,-3.830510767,0
4.483010581,0.601671039,1
-5.640382281,0.746192996,2
0.377012565,1.311895153,3
-2.130210164,-10.47276377,4
8.462353178,10.14956778,5
-4.531776755,6.936216762,6
7.739293289,-8.655244651,7
4.009801431,0.320556981,8
14.61867994,3.199553009,9
-10.81998381,-3.574647201,0
4.030302494,0.071725117,1
-5.098695103,2.191967469,2
0.074709725,1.812787546,3
-2.150873682,-10.28587293,4
8.222502169,10.16179817,5
-4.623508997,6.917236867,6
14.73408152,3.392081228,9
-10.95602182,-4.022295767,0
4.111374916,0.002171811,1
-5.609507463,1.70232064,2
0.747058679,1.122127074,3
-2.496699088,-10.82797879,4
7.356201144,10.51789821,5
-5.687382786,6.935786974,6
7.721439052,-8.805986568,7
4.066865128,-1.349135712,8
14.80704368,3.470953569,9
-10.21679297,-3.573917583,0
14.77862342,3.417965728,9
7.544195046,10.65332958,5
8.820054835,10.40930497,5
-4.350366602,7.117258905,6
8.275275851,10.18474556,5
-11.8389596,-3.822132232,0
6.706258068,-4.573106563,9
3.850441984,-3.060269832,8
7.654159658,10.72297833,9
3.048105771,-3.9952622,8
-2.555501322,-10.35443064,4
5.196218142,1.043153167,1
9.236223111,-9.373698425,7
8.299438613,-8.700596224,7
1.626743473,-0.275931431,3
8.922114386,10.27422908,5
4.627059346,0.548821694,1
-10.38851443,-3.45831535,0
-12.38397856,-4.841229853,0
-4.850497315,2.281472581,2
-6.064819156,0.787500948,2
8.314824407,-8.714791625,7
3.985214957,-2.466792657,8
-4.852964173,2.245232448,2
-10.82503025,-3.414230221,0
4.193915921,0.151660184,1
-5.640954076,-0.739092234,2
-4.50776598,6.95429304,6
1.683058014,-0.299075288,3
1.741708142,-0.380776645,3
8.296247392,-8.620242905,7
1.662127131,-0.332491573,3
1.723415281,-0.337461156,3
-2.355305936,-10.89360065,4
-5.473637683,7.042314763,6
-5.483553237,6.930052486,6
-4.576330666,7.064706178,6
6.819131696,-6.524008264,4
14.73069987,3.293868989,9
4.665343759,0.648890009,1
8.395010131,10.18803292,5
-10.42418922,-3.516345647,0
9.192671382,5.042710288,9
6.615879708,10.66072419,5
-4.990393167,2.227130656,2
3.187841971,-3.909404066,8
-12.86885796,-3.156352907,0
4.655959597,0.734833932,1
8.374988842,-8.877666102,7
-4.531768352,7.011028235,6
0.625823053,1.102748802,3
-6.923480873,-0.469351831,2
5.083119695,1.039783086,1
8.659295452,-8.763634098,7
6.938804216,-6.627022866,4
-5.19453644,6.872868031,6
0.231790756,1.330818103,3
5.185051322,1.060421565,1
0.694826176,1.188748783,3
6.889661483,-4.80857184,9
5.067502091,0.885979253,1
8.191624817,-8.790641195,7
-4.67526514,7.290781813,6
3.234057309,-3.738665401,8
-2.764367791,-10.12937279,4
0.525413265,1.296256489,3
5.224922364,1.076015275,1
-2.263800276,-10.40878428,4
-10.64848204,-3.689612441,0
7.59530936,10.28602215,5
0.378883526,1.375706692,3
-5.595684313,6.888479533,6
8.72290882,4.997151686,9
-5.563621723,7.329304672,6
5.201698461,1.043513778,1
9.021409351,-9.865997017,7
7.944024924,11.17545391,5
-2.09975646,-10.30372187,4
-2.555071707,-10.91813523,4
8.943969823,-9.0748798,7
-6.844885666,0.641416934,2
-4.716205609,2.007067938,2
8.060205242,10.13344545,5
8.365751031,-8.763233923,7
0.601775006,1.243552708,9
7.472241397,10.3741829,5
6.948193419,-6.674869405,4
-2.258478171,-10.18771883,4
7.831910885,10.6571613,9
-11.89254788,-4.413123308,0
3.42723762,-3.005122602,8
6.880003583,-4.795421618,9
3.640663339,-3.490111534,8
-11.97548876,-3.385256642,0
4.132190296,-0.617824777,1
-6.292826288,0.770025207,2
1.754628939,2.35649843,3
-2.085310761,-8.511727269,4
5.413661919,11.39756921,5
-5.665013283,8.294017227,6
8.307744538,-9.881982403,7
2.956995212,-2.376695585,8
9.502730099,4.503223146,9
-11.68978276,-2.982656379,0
4.596160328,-0.682153181,1
-5.708887841,-0.647684452,2
1.468189114,0.056606053,3
-2.959699844,-9.172268931,4
5.562910866,11.26012244,5
-4.134581253,9.115223721,6
10.29622514,-10.04272468,7
3.662980157,-2.046320983,8
8.478116353,4.276492408,9
-11.76531861,-3.269859142,0
3.931989806,-0.361285675,1
-5.541296608,-0.114561089,2
1.877987836,1.86615132,3
-2.544494017,-9.239715131,4
5.510416599,11.30984467,5
-5.307399483,8.480635504,6
8.393717405,-9.955285608,7
2.842406306,-2.709807649,8
9.032673788,4.875879518,9
-12.26002013,-4.505216601,0
8.424630406,4.079887816,9
6.014820578,11.02352519,5
5.757046935,11.43524601,5
-5.136939652,8.661988242,6
6.26870876,11.47124346,5
-10.71550328,-4.034058117,0
8.145231978,3.628728687,9
2.511019605,-3.329902016,8
8.289902636,3.76272859,9
3.768411939,-2.246246362,8
-2.578603267,-9.551538244,4
4.448988294,-0.856068088,1
10.70126411,-9.219227364,7
10.6888901,-10.57379733,7
1.498861892,-0.089148231,3
5.413070853,11.34439903,5
4.642822236,-0.5163377,1
-11.66112818,-3.489910559,0
-12.48806472,-4.518808152,0
-7.283805546,0.096084715,2
-6.746495563,0.623863574,2
9.113209736,-9.255642403,7
4.226904519,-2.506881896,8
-7.322903464,0.006743401,2
-11.21625023,-3.865531225,0
3.931740131,-0.486915305,1
-6.937464455,0.704023219,2
-4.104814639,8.954134532,6
1.380832704,0.098064969,3
1.389692072,0.03169973,3
10.00615771,-9.379460034,7
1.627401111,2.496701317,3
1.400343883,0.063206035,3
-1.930655161,-9.420735957,4
-6.005001564,7.747058593,6
-5.142508553,8.755145447,6
-5.5618413,8.906514992,6
-2.070803097,-8.493186745,4
9.149655768,4.051014254,9
4.568530522,-0.967341844,1
5.515061981,11.82528741,5
-11.66681708,-3.505337793,0
8.507576397,4.369738949,9
5.461691142,11.35728488,5
-5.925650861,0.469672923,2
2.88658986,-2.928457853,8
-5.464518055,-0.510448963,2
-12.11893181,-4.427964271,0
-11.75677104,-3.405238109,0
4.57033574,-0.96304709,1
8.88016088,-8.907482013,7
-5.868345485,7.662993036,6
1.173766718,0.37707241,3
-5.530318736,-0.06784892,2
5.14800384,-0.976322351,1
8.967061567,-9.000539425,7
-2.365788413,-8.499889983,4
-5.756787894,7.288190082,6
0.849224387,1.034832581,3
4.897006176,-0.823123526,1
0.969026741,2.072210784,3
9.131436024,4.145707461,9
4.161702718,-0.520914766,1
9.278706738,-9.899686563,7
-5.498227306,8.054113527,6
3.768369949,-2.829613642,8
-2.98646098,-8.677056887,4
1.99677236,1.934357849,3
4.673938864,-1.003404266,1
-1.978782244,-8.960359426,4
-10.80505113,-3.337147727,0
4.909603311,11.70808817,5
1.367939419,1.732383117,3
-5.774822283,7.039213668,6
8.784569329,4.036883748,9
-4.231904366,9.096539094,6
4.646877131,-0.932616749,1
7.884796484,-9.165532976,7
5.403690804,11.09998527,5
-2.033284437,-8.708475466,4
-2.908273664,-8.36188759,4
10.01950757,-10.36514515,7
-6.121171764,0.751334402,2
2.797671441,-2.856257573,8
-6.619506884,0.792902328,2
-6.864532974,0.78677804,2
5.474675413,11.25710267,5
8.81150478,-9.057330341,7
7.922436961,4.053895127,9
4.914980366,11.75279425,5
-2.63810431,-8.581196304,4
3.819457414,-1.883722253,8
4.765421469,-1.307829478,8
-2.639721933,-8.974347216,4
8.829104003,3.989393353,9
-10.70836872,-4.231128182,0
3.270111772,-3.28084475,8
8.892727563,4.323613671,9
2.636289999,-3.127308686,8
